Keyword,Currency,Avg. monthly searches,Cambio en los últimos tres meses,Cambio interanual,Competition,Competition (indexed value),Top of page bid (low range),Top of page bid (high range),Ad impression share,Organic impression share,Organic average position,In account?,In plan?,Searches: Dec 2022,Searches: Jan 2023,Searches: Feb 2023,Searches: Mar 2023,Searches: Apr 2023,Searches: May 2023,Searches: Jun 2023,Searches: Jul 2023,Searches: Aug 2023,Searches: Sep 2023,Searches: Oct 2023,Searches: Nov 2023
perros,COP,500000,0%,0%,Bajo,1,251.32,1391.55,,,,,,,,,,,,,,,,,
comida,COP,50000,0%,0%,Bajo,6,736.79,2443.05,,,,,,,,,,,,,,,,,
simparica,COP,5000,0%,0%,Bajo,13,279.48,1667.48,,,,,,,,,,,,,,,,,
royal canin puppy,COP,500,900%,900%,Alto,100,291.85,2738.03,,,,,,,,,,,,,,,,,
proplan,COP,5000,0%,0%,Alto,100,421.63,1264.98,,,,,,,,,,,,,,,,,
desayunos saludables,COP,50000,0%,0%,Bajo,9,148.93,736.79,,,,,,,,,,,,,,,,,
flexadin,COP,500,0%,0%,Bajo,21,,,,,,,,,,,,,,,,,,,
comida para perros,COP,5000,900%,900%,Alto,100,340.28,1806.92,,,,,,,,,,,,,,,,,
laika,COP,50000,0%,0%,Bajo,24,1282.84,49230.85,,,,,,,,,,,,,,,,,
camas para perros,COP,50000,0%,0%,Alto,100,155.11,1862.19,,,,,,,,,,,,,,,,,
comidas saludables,COP,50000,0%,0%,Bajo,9,155.11,866.16,,,,,,,,,,,,,,,,,
comida china a domicilio,COP,500,0%,0%,Bajo,11,620.46,1977.71,,,,,,,,,,,,,,,,,
alimento para perros,COP,5000,0%,0%,Alto,100,314.21,1578.21,,,,,,,,,,,,,,,,,
perros en adopcion,COP,5000,0%,0%,Bajo,15,200.81,969.47,,,,,,,,,,,,,,,,,
comida natural para perros,COP,5000,0%,900%,Alto,100,386.66,1458.81,,,,,,,,,,,,,,,,,
comida china,COP,50000,0%,0%,Bajo,1,717.41,2094.05,,,,,,,,,,,,,,,,,
razas de perros,COP,50000,0%,0%,Bajo,1,234.10,853.13,,,,,,,,,,,,,,,,,
hamburguesas,COP,50000,0%,0%,Bajo,8,736.79,2355.30,,,,,,,,,,,,,,,,,
pienso para perros,COP,500,0%,0%,Alto,69,331.21,3000.09,,,,,,,,,,,,,,,,,
comida de perro,COP,5000,0%,0%,Alto,85,465.34,3683.97,,,,,,,,,,,,,,,,,
adopcion de perros,COP,5000,0%,0%,Bajo,14,224.48,988.48,,,,,,,,,,,,,,,,,
seresto perros,COP,50,0%,0%,Alto,91,192.82,704.43,,,,,,,,,,,,,,,,,
comida rapida,COP,50000,0%,0%,Bajo,5,891.91,2287.94,,,,,,,,,,,,,,,,,
adiestramiento canino,COP,5000,0%,0%,Bajo,26,344.85,1043.65,,,,,,,,,,,,,,,,,
flexadin plus,COP,50,0%,-90%,Medio,50,167.04,3024.73,,,,,,,,,,,,,,,,,
desayunos,COP,50000,0%,0%,Bajo,3,271.45,1370.35,,,,,,,,,,,,,,,,,
pañales para perros,COP,5000,0%,0%,Alto,100,197.25,3648.09,,,,,,,,,,,,,,,,,
comida perros,COP,5000,0%,0%,Alto,99,576.58,3595.62,,,,,,,,,,,,,,,,,
jaulas para perros,COP,5000,0%,0%,Alto,100,116.34,1081.33,,,,,,,,,,,,,,,,,
hills kd,COP,500,0%,0%,Alto,100,476.96,3422.12,,,,,,,,,,,,,,,,,
collares para perros,COP,5000,0%,0%,Alto,100,238.71,1459.12,,,,,,,,,,,,,,,,,
dog chow adulto,COP,5000,0%,0%,Alto,100,346.45,1686.51,,,,,,,,,,,,,,,,,
bulldog frances,COP,500000,-90%,-90%,Bajo,2,249.83,708.61,,,,,,,,,,,,,,,,,
arnes perro,COP,500,0%,0%,Alto,100,198.86,1538.37,,,,,,,,,,,,,,,,,
pienso hipoalergenico perros,COP,50,0%,0%,Alto,90,299.16,1549.95,,,,,,,,,,,,,,,,,
pipetas perros,COP,50,0%,0%,Alto,90,318.80,2918.56,,,,,,,,,,,,,,,,,
comida mexicana,COP,50000,0%,0%,Bajo,4,77.56,1589.92,,,,,,,,,,,,,,,,,
proplan puppy,COP,500,0%,0%,Alto,100,440.65,1800.71,,,,,,,,,,,,,,,,,
condrovet,COP,500,0%,0%,Medio,59,450.75,2031.30,,,,,,,,,,,,,,,,,
peluqueria canina,COP,5000,0%,0%,Bajo,5,544.34,1674.06,,,,,,,,,,,,,,,,,
perros pequeños,COP,50000,0%,0%,Bajo,3,170.04,361.04,,,,,,,,,,,,,,,,,
condrovet force ha,COP,50,0%,0%,Medio,48,,,,,,,,,,,,,,,,,,,
royal canin hipoalergenico,COP,500,0%,0%,Alto,93,310.23,2365.50,,,,,,,,,,,,,,,,,
comidas saludables para bajar de peso,COP,5000,-90%,-90%,Bajo,16,77.56,659.24,,,,,,,,,,,,,,,,,
arnes para perros,COP,5000,0%,0%,Alto,100,154.99,1132.75,,,,,,,,,,,,,,,,,
comidas para bajar de peso,COP,5000,0%,0%,Bajo,19,77.56,542.90,,,,,,,,,,,,,,,,,
comida vegana,COP,5000,0%,0%,Bajo,7,155.11,1628.70,,,,,,,,,,,,,,,,,
comidas faciles y rapidas,COP,5000,0%,0%,Bajo,5,154.16,310.23,,,,,,,,,,,,,,,,,
dog chow cachorro,COP,5000,0%,0%,Alto,100,571.67,2298.26,,,,,,,,,,,,,,,,,
cachorros en adopcion,COP,500,0%,0%,Bajo,24,189.76,420.14,,,,,,,,,,,,,,,,,
pienso perros,COP,50,0%,0%,Medio,41,,,,,,,,,,,,,,,,,,,
royal canin cardiac,COP,50,0%,0%,Alto,78,138.33,1168.85,,,,,,,,,,,,,,,,,
menu semanal,COP,500,0%,0%,Bajo,4,125.52,462.06,,,,,,,,,,,,,,,,,
royal canin mini adulto,COP,500,0%,0%,Alto,100,373.09,3409.67,,,,,,,,,,,,,,,,,
comida humeda para perros,COP,5000,0%,900%,Alto,100,289.93,2370.31,,,,,,,,,,,,,,,,,
camas para perros grandes,COP,5000,0%,0%,Alto,100,155.11,1402.41,,,,,,,,,,,,,,,,,
hotel para perros,COP,500,0%,0%,Bajo,15,312.66,854.30,,,,,,,,,,,,,,,,,
dietas saludables,COP,5000,0%,0%,Bajo,13,155.11,752.55,,,,,,,,,,,,,,,,,
casas para perros,COP,5000,0%,0%,Alto,100,114.24,888.81,,,,,,,,,,,,,,,,,
royal canin yorkshire,COP,500,0%,900%,Alto,100,344.37,3995.65,,,,,,,,,,,,,,,,,
juguetes para perros,COP,5000,0%,0%,Alto,95,147.63,1621.06,,,,,,,,,,,,,,,,,
pomerania,COP,50000,0%,0%,Bajo,1,207.28,384.49,,,,,,,,,,,,,,,,,
comida japonesa,COP,5000,0%,0%,Bajo,1,364.45,1240.92,,,,,,,,,,,,,,,,,
ropa para perros,COP,5000,0%,0%,Alto,99,143.29,1545.06,,,,,,,,,,,,,,,,,
fortiflora perros,COP,5000,0%,0%,Alto,93,422.60,2753.28,,,,,,,,,,,,,,,,,
viandas saludables,COP,50,0%,0%,Bajo,6,,,,,,,,,,,,,,,,,,,
royal canin cachorro,COP,500,0%,0%,Alto,100,272.61,3823.18,,,,,,,,,,,,,,,,,
transportin perro,COP,50,0%,0%,Alto,99,294.66,2105.99,,,,,,,,,,,,,,,,,
zd hills,COP,50,0%,0%,Alto,100,659.24,2038.80,,,,,,,,,,,,,,,,,
caseta perro,COP,50,0%,0%,Alto,100,,,,,,,,,,,,,,,,,,,
dalmata,COP,50000,0%,0%,Bajo,1,204.25,741.82,,,,,,,,,,,,,,,,,
casa para perros,COP,5000,0%,0%,Alto,100,89.28,814.98,,,,,,,,,,,,,,,,,
taste of the wild perros,COP,5000,0%,0%,Alto,100,303.16,2443.05,,,,,,,,,,,,,,,,,
comida vegetariana,COP,5000,0%,0%,Bajo,4,190.66,1900.15,,,,,,,,,,,,,,,,,
comida rápida,COP,50000,0%,0%,Bajo,5,891.91,2287.94,,,,,,,,,,,,,,,,,
pienso criadores,COP,50,0%,∞,Alto,100,,,,,,,,,,,,,,,,,,,
venta de perros,COP,5000,0%,0%,Medio,40,216.68,578.57,,,,,,,,,,,,,,,,,
menu semanal saludable,COP,500,0%,0%,Bajo,5,193.89,2210.38,,,,,,,,,,,,,,,,,
razas de perros pequeños,COP,50000,0%,0%,Bajo,1,165.27,357.49,,,,,,,,,,,,,,,,,
vet life renal,COP,5000,0%,900%,Alto,100,368.72,3141.07,,,,,,,,,,,,,,,,,
probioticos para perros,COP,5000,0%,0%,Alto,100,260.17,3395.87,,,,,,,,,,,,,,,,,
hills ad,COP,500,0%,0%,Alto,87,310.23,3778.40,,,,,,,,,,,,,,,,,
comidas economicas,COP,500,0%,0%,Bajo,4,165.76,1085.80,,,,,,,,,,,,,,,,,
vitaminas para perros,COP,5000,0%,0%,Alto,100,352.85,1436.38,,,,,,,,,,,,,,,,,
ensaladas saludables,COP,5000,0%,0%,Bajo,2,193.89,940.37,,,,,,,,,,,,,,,,,
pedigree adulto,COP,500,0%,0%,Alto,94,313.61,2531.73,,,,,,,,,,,,,,,,,
pro plan cachorro,COP,5000,0%,0%,Alto,100,453.13,1871.97,,,,,,,,,,,,,,,,,
mejor pienso para perros,COP,50,0%,0%,Medio,51,,,,,,,,,,,,,,,,,,,
ensaladas,COP,50000,0%,0%,Bajo,2,193.89,1604.21,,,,,,,,,,,,,,,,,
puerta para perros,COP,500,0%,0%,Alto,100,86.74,529.93,,,,,,,,,,,,,,,,,
pomerania precio,COP,5000,0%,0%,Bajo,18,186.18,329.29,,,,,,,,,,,,,,,,,
casa para perro grande,COP,500,0%,0%,Alto,100,116.34,888.39,,,,,,,,,,,,,,,,,
proplan cachorro,COP,5000,0%,0%,Alto,100,453.13,1871.97,,,,,,,,,,,,,,,,,
camas perros,COP,5000,0%,0%,Alto,100,232.67,2197.66,,,,,,,,,,,,,,,,,
alimentos saludables,COP,50000,-90%,0%,Bajo,6,215.04,882.19,,,,,,,,,,,,,,,,,
casa de perro,COP,5000,0%,0%,Alto,100,104.76,988.86,,,,,,,,,,,,,,,,,
seresto bayer,COP,50,0%,0%,Alto,78,221.76,2381.44,,,,,,,,,,,,,,,,,
venta de perros cerca de mi,COP,50,0%,0%,Bajo,31,219.56,776.84,,,,,,,,,,,,,,,,,
nexgard perros,COP,5000,0%,0%,Bajo,23,313.25,1410.20,,,,,,,,,,,,,,,,,
correas para perros,COP,5000,0%,0%,Alto,100,167.99,1745.04,,,,,,,,,,,,,,,,,
comederos para perros,COP,5000,0%,0%,Alto,100,116.34,1270.30,,,,,,,,,,,,,,,,,
accesorios para perros,COP,5000,0%,0%,Alto,99,215.51,1139.42,,,,,,,,,,,,,,,,,
proplan sensitive skin,COP,500,0%,0%,Alto,100,486.53,1671.78,,,,,,,,,,,,,,,,,
comidas faciles,COP,5000,-90%,-90%,Bajo,4,155.11,271.45,,,,,,,,,,,,,,,,,
comidas para llevar,COP,500,0%,0%,Bajo,5,853.13,2404.28,,,,,,,,,,,,,,,,,
purina one perros,COP,500,0%,0%,Alto,98,602.93,72527.61,,,,,,,,,,,,,,,,,
adiestrador de perros,COP,500,0%,0%,Bajo,25,313.25,1013.79,,,,,,,,,,,,,,,,,
masa para pizza,COP,5000,0%,0%,Bajo,18,132.46,193.89,,,,,,,,,,,,,,,,,
caseta perro grande,COP,50,0%,0%,Alto,100,,,,,,,,,,,,,,,,,,,
cuidadores de perros,COP,500,0%,0%,Bajo,11,280.26,576.96,,,,,,,,,,,,,,,,,
dentastix pedigree,COP,500,0%,900%,Alto,95,195.33,3154.46,,,,,,,,,,,,,,,,,
laika chile,COP,500,0%,0%,Bajo,5,2970.08,12027.30,,,,,,,,,,,,,,,,,
pro plan adulto,COP,500,0%,0%,Alto,100,523.21,2371.22,,,,,,,,,,,,,,,,,
entrenamiento para perros,COP,500,0%,0%,Medio,63,288.35,840.98,,,,,,,,,,,,,,,,,
simparica precio,COP,500,0%,0%,Bajo,17,222.67,1399.94,,,,,,,,,,,,,,,,,
golden retriever precio,COP,5000,0%,0%,Bajo,32,150.72,350.96,,,,,,,,,,,,,,,,,
shampoo para perros,COP,5000,0%,0%,Alto,99,306.75,3734.70,,,,,,,,,,,,,,,,,
simparica perros,COP,500,0%,0%,Bajo,20,289.57,1898.13,,,,,,,,,,,,,,,,,
pedigree senior,COP,50,0%,0%,Alto,70,571.90,3376.81,,,,,,,,,,,,,,,,,
menus semanales,COP,50,0%,0%,Bajo,5,,,,,,,,,,,,,,,,,,,
pedigree cachorro,COP,5000,0%,0%,Alto,97,333.35,4199.13,,,,,,,,,,,,,,,,,
rampa para perros,COP,500,0%,900%,Alto,100,116.34,1396.03,,,,,,,,,,,,,,,,,
zapatos para perros,COP,5000,0%,0%,Alto,100,116.34,1703.01,,,,,,,,,,,,,,,,,
perros en venta,COP,500,0%,0%,Medio,36,205.64,562.96,,,,,,,,,,,,,,,,,
royal canin adulto,COP,500,0%,0%,Alto,100,289.72,1938.93,,,,,,,,,,,,,,,,,
shih tzu precio,COP,5000,0%,0%,Bajo,12,158.72,392.11,,,,,,,,,,,,,,,,,
escalera para perros,COP,5000,0%,0%,Alto,100,155.11,1706.26,,,,,,,,,,,,,,,,,
proplan perros,COP,5000,0%,0%,Alto,100,409.15,1265.48,,,,,,,,,,,,,,,,,
comidas rapidas y economicas,COP,500,0%,0%,Bajo,3,155.11,590.58,,,,,,,,,,,,,,,,,
bulldog ingles,COP,50000,0%,0%,Bajo,1,215.07,611.48,,,,,,,,,,,,,,,,,
kong perros,COP,500,0%,0%,Alto,100,137.03,1217.15,,,,,,,,,,,,,,,,,
dieta keto menú semanal,COP,500,-90%,0%,Bajo,7,155.11,814.35,,,,,,,,,,,,,,,,,
caniche toy,COP,5000,0%,0%,Bajo,2,236.53,519.91,,,,,,,,,,,,,,,,,
nexgard precio,COP,5000,0%,0%,Bajo,25,229.45,1377.44,,,,,,,,,,,,,,,,,
credelio perros,COP,5000,0%,0%,Bajo,28,191.04,1195.61,,,,,,,,,,,,,,,,,
masa de pizza,COP,5000,0%,0%,Bajo,11,155.11,185.15,,,,,,,,,,,,,,,,,
camas de perros,COP,5000,0%,0%,Alto,100,155.11,1858.80,,,,,,,,,,,,,,,,,
dog chow senior,COP,500,0%,0%,Alto,100,504.12,3864.81,,,,,,,,,,,,,,,,,
adaptil perros,COP,500,0%,0%,Alto,100,344.96,2243.39,,,,,,,,,,,,,,,,,
proplan ha,COP,500,900%,900%,Alto,100,478.09,2303.90,,,,,,,,,,,,,,,,,
mejor comida para perros,COP,500,0%,0%,Alto,95,284.64,1434.81,,,,,,,,,,,,,,,,,
residencia canina,COP,50,0%,0%,Bajo,26,365.80,868.82,,,,,,,,,,,,,,,,,
transportin perro grande,COP,50,0%,0%,Alto,100,,,,,,,,,,,,,,,,,,,
simparica para perros,COP,500,0%,0%,Bajo,24,341.19,1792.04,,,,,,,,,,,,,,,,,
cena saludable,COP,50000,-90%,-90%,Bajo,3,155.11,698.02,,,,,,,,,,,,,,,,,
royal canin bulldog frances,COP,500,0%,0%,Alto,100,268.48,1798.17,,,,,,,,,,,,,,,,,
razas de perros medianos,COP,5000,0%,0%,Bajo,1,208.73,1207.83,,,,,,,,,,,,,,,,,
empanadas argentinas,COP,5000,0%,0%,Bajo,3,426.57,1745.04,,,,,,,,,,,,,,,,,
hepatosil,COP,50,0%,0%,Bajo,13,,,,,,,,,,,,,,,,,,,
hamburguesas caseras,COP,5000,0%,0%,Bajo,2,,,,,,,,,,,,,,,,,,,
comidas rapidas y baratas,COP,500,0%,900%,Bajo,6,160.13,1202.14,,,,,,,,,,,,,,,,,
royal canin perros,COP,500,900%,900%,Alto,100,261.74,1096.47,,,,,,,,,,,,,,,,,
entrenamiento canino,COP,500,0%,0%,Bajo,30,332.17,1259.20,,,,,,,,,,,,,,,,,
bebederos para perros,COP,5000,900%,900%,Alto,100,92.16,1330.82,,,,,,,,,,,,,,,,,
nexgard spectra 15 30 kg,COP,5000,0%,900%,Bajo,22,292.45,1934.73,,,,,,,,,,,,,,,,,
nexgard spectra 30 60 kg,COP,500,0%,0%,Bajo,16,266.24,1440.17,,,,,,,,,,,,,,,,,
comida 24 horas,COP,5000,0%,0%,Bajo,11,542.90,2365.50,,,,,,,,,,,,,,,,,
comida sana,COP,5000,0%,0%,Bajo,9,155.11,853.13,,,,,,,,,,,,,,,,,
vet life obesity,COP,500,0%,0%,Alto,100,445.48,2885.85,,,,,,,,,,,,,,,,,
hills perros,COP,5000,0%,0%,Alto,100,239.80,1626.52,,,,,,,,,,,,,,,,,
almuerzo saludable,COP,5000,0%,0%,Bajo,8,137.23,504.12,,,,,,,,,,,,,,,,,
comida coreana,COP,5000,0%,0%,Bajo,2,168.96,3594.52,,,,,,,,,,,,,,,,,
perritos,COP,50000,0%,0%,Bajo,4,271.84,1406.49,,,,,,,,,,,,,,,,,
hotel canino,COP,500,0%,0%,Bajo,18,318.92,1013.99,,,,,,,,,,,,,,,,,
peluqueria canina cerca de mi,COP,500,0%,900%,Bajo,7,368.57,936.86,,,,,,,,,,,,,,,,,
arnes antitirones,COP,500,0%,0%,Alto,100,251.22,2094.05,,,,,,,,,,,,,,,,,
hotel de perros,COP,50,0%,0%,Bajo,22,291.50,1399.95,,,,,,,,,,,,,,,,,
alimento perro,COP,500,0%,0%,Alto,100,404.59,2532.04,,,,,,,,,,,,,,,,,
pipetas para perros,COP,500,0%,0%,Alto,87,331.51,3592.74,,,,,,,,,,,,,,,,,
tacos a domicilio,COP,50,0%,0%,Medio,66,620.46,2714.51,,,,,,,,,,,,,,,,,
perro labrador,COP,5000,0%,-90%,Bajo,1,225.50,853.13,,,,,,,,,,,,,,,,,
comida peruana,COP,5000,0%,0%,Bajo,1,257.90,1297.68,,,,,,,,,,,,,,,,,
comprar perros,COP,500,0%,0%,Medio,48,223.23,612.44,,,,,,,,,,,,,,,,,
jaula para perros grandes,COP,500,0%,0%,Alto,100,136.32,1357.25,,,,,,,,,,,,,,,,,
comidas veganas,COP,500,0%,0%,Bajo,3,155.11,310.23,,,,,,,,,,,,,,,,,
schnauzer miniatura,COP,50000,0%,0%,Bajo,2,235.41,901.99,,,,,,,,,,,,,,,,,
perros pequeños en adopcion,COP,500,0%,0%,Bajo,14,215.32,511.64,,,,,,,,,,,,,,,,,
simparica 20 a 40,COP,50,0%,0%,Bajo,26,,,,,,,,,,,,,,,,,,,
almuerzo facil y rapido,COP,5000,0%,0%,Bajo,13,141.25,1870.01,,,,,,,,,,,,,,,,,
dog chow razas pequeñas,COP,500,0%,0%,Alto,100,349.01,1833.07,,,,,,,,,,,,,,,,,
simparica 5 a 10 kg,COP,50,0%,0%,Bajo,18,258.89,2443.05,,,,,,,,,,,,,,,,,
desayuno keto,COP,5000,0%,0%,Bajo,3,381.36,1279.70,,,,,,,,,,,,,,,,,
bichon maltes,COP,50000,0%,0%,Bajo,1,202.01,758.93,,,,,,,,,,,,,,,,,
mochila para perros,COP,500,0%,0%,Alto,100,116.34,1991.80,,,,,,,,,,,,,,,,,
comidas caseras,COP,5000,0%,0%,Bajo,1,155.11,848.45,,,,,,,,,,,,,,,,,
comidas sanas,COP,5000,0%,0%,Bajo,9,155.11,853.13,,,,,,,,,,,,,,,,,
bulldog frances precio,COP,5000,0%,0%,Bajo,19,141.17,463.68,,,,,,,,,,,,,,,,,
los 10 mejores alimentos para perros,COP,5000,0%,900%,Medio,66,307.38,1008.24,,,,,,,,,,,,,,,,,
comida casera para perros,COP,500,0%,0%,Bajo,20,379.94,563.54,,,,,,,,,,,,,,,,,
jaula perro,COP,500,0%,0%,Alto,100,121.07,1998.35,,,,,,,,,,,,,,,,,
comida fit,COP,5000,-90%,-90%,Bajo,4,197.94,2326.72,,,,,,,,,,,,,,,,,
proplan adulto raza pequeña,COP,500,0%,-90%,Alto,100,578.79,1210.71,,,,,,,,,,,,,,,,,
san bernardo,COP,50000,0%,0%,Bajo,1,195.58,846.55,,,,,,,,,,,,,,,,,
pizza vegana,COP,500,0%,0%,Bajo,5,545.78,1475.93,,,,,,,,,,,,,,,,,
laika mexico,COP,500,0%,0%,Bajo,5,2326.68,10427.59,,,,,,,,,,,,,,,,,
virbac perros,COP,500,0%,0%,Alto,95,289.22,2229.48,,,,,,,,,,,,,,,,,
perros y gatos,COP,5000,0%,0%,Bajo,0,560.59,1687.46,,,,,,,,,,,,,,,,,
desayunos rapidos,COP,500,0%,0%,Bajo,0,,,,,,,,,,,,,,,,,,,
nexgard spectra precio,COP,500,0%,0%,Bajo,19,192.27,1250.32,,,,,,,,,,,,,,,,,
peluqueria canina a domicilio,COP,500,0%,0%,Bajo,21,438.34,931.37,,,,,,,,,,,,,,,,,
kong para perros,COP,500,0%,0%,Alto,100,155.11,1240.92,,,,,,,,,,,,,,,,,
arnes perro pequeño,COP,50,0%,0%,Alto,100,154.42,783.85,,,,,,,,,,,,,,,,,
dog chow adulto raza pequeña,COP,5000,0%,0%,Alto,100,340.14,2159.11,,,,,,,,,,,,,,,,,
desayunos faciles y rapidos,COP,5000,0%,0%,Bajo,1,271.45,1938.93,,,,,,,,,,,,,,,,,
pizza sin gluten,COP,500,0%,0%,Bajo,14,198.02,710.11,,,,,,,,,,,,,,,,,
perros pug,COP,50000,0%,0%,Bajo,2,215.24,1373.84,,,,,,,,,,,,,,,,,
vetriderm,COP,500,0%,0%,Medio,34,310.23,3473.75,,,,,,,,,,,,,,,,,
comida para cachorros,COP,500,0%,0%,Alto,99,277.45,930.69,,,,,,,,,,,,,,,,,
cachorros en venta,COP,500,0%,0%,Medio,36,214.45,554.27,,,,,,,,,,,,,,,,,
venta de cachorros,COP,500,0%,0%,Medio,35,234.32,590.73,,,,,,,,,,,,,,,,,
camas para perros pequeños,COP,5000,900%,0%,Alto,100,131.52,1570.54,,,,,,,,,,,,,,,,,
casa de perro grande,COP,500,0%,-90%,Alto,100,116.34,2132.83,,,,,,,,,,,,,,,,,
menus saludables,COP,5000,-90%,-90%,Bajo,7,155.11,885.03,,,,,,,,,,,,,,,,,
dogchow,COP,50000,0%,0%,Alto,100,494.85,1410.54,,,,,,,,,,,,,,,,,
schnauzer mini,COP,5000,0%,0%,Bajo,2,235.92,827.61,,,,,,,,,,,,,,,,,
colchones para perros,COP,5000,0%,0%,Alto,100,197.22,1662.14,,,,,,,,,,,,,,,,,
pastor aleman,COP,50000,0%,0%,Bajo,1,201.47,484.47,,,,,,,,,,,,,,,,,
desayunos saludables para adultos,COP,5000,0%,900%,Bajo,19,155.11,791.14,,,,,,,,,,,,,,,,,
comida italiana,COP,5000,0%,0%,Bajo,3,155.11,554.21,,,,,,,,,,,,,,,,,
comprar golden retriever,COP,50,0%,0%,Medio,48,277.98,898.21,,,,,,,,,,,,,,,,,
cosas para perros,COP,500,0%,0%,Medio,55,127.12,1175.70,,,,,,,,,,,,,,,,,
bulldog francés precio,COP,5000,0%,0%,Bajo,19,141.17,463.68,,,,,,,,,,,,,,,,,
carlinos,COP,500,0%,0%,Bajo,0,,,,,,,,,,,,,,,,,,,
frontline perros,COP,500,0%,0%,Alto,95,350.77,2818.80,,,,,,,,,,,,,,,,,
mejor alimento para perros,COP,500,0%,0%,Alto,95,268.13,1357.25,,,,,,,,,,,,,,,,,
goldendoodle precio,COP,500,0%,0%,Bajo,21,220.64,601.65,,,,,,,,,,,,,,,,,
ropa perro,COP,500,0%,0%,Alto,100,164.18,1478.44,,,,,,,,,,,,,,,,,
hotel perros,COP,50,0%,-90%,Bajo,19,372.37,1287.77,,,,,,,,,,,,,,,,,
tacos mexicanos,COP,5000,0%,0%,Bajo,20,581.68,3363.07,,,,,,,,,,,,,,,,,
premios para perros,COP,500,0%,0%,Alto,97,236.99,3148.11,,,,,,,,,,,,,,,,,
shampoo en seco para perros,COP,500,0%,0%,Alto,95,391.37,5002.45,,,,,,,,,,,,,,,,,
vet life urinary,COP,500,0%,0%,Alto,95,394.96,4310.75,,,,,,,,,,,,,,,,,
dieta saludable y equilibrada,COP,500,0%,0%,Bajo,12,155.11,890.88,,,,,,,,,,,,,,,,,
juguetes interactivos para perros,COP,500,0%,0%,Alto,100,155.11,1232.66,,,,,,,,,,,,,,,,,
perros en adopción cachorros gratis,COP,50,0%,0%,Bajo,18,199.92,1822.60,,,,,,,,,,,,,,,,,
purina dog chow cachorro,COP,500,0%,0%,Alto,100,472.09,1699.17,,,,,,,,,,,,,,,,,
carne para hamburguesa,COP,5000,0%,0%,Medio,42,193.89,1632.48,,,,,,,,,,,,,,,,,
comida de dieta,COP,500,0%,0%,Bajo,3,155.11,551.49,,,,,,,,,,,,,,,,,
agility gold pequeños adultos,COP,5000,0%,0%,Alto,100,329.62,1761.56,,,,,,,,,,,,,,,,,
border collie precio,COP,5000,0%,0%,Bajo,21,181.46,389.85,,,,,,,,,,,,,,,,,
alimento de perro,COP,500,0%,0%,Alto,69,288.61,1706.26,,,,,,,,,,,,,,,,,
pizza italiana,COP,5000,0%,0%,Bajo,1,513.48,1162.55,,,,,,,,,,,,,,,,,
perros de raza pequeña en adopción gratis,COP,500,0%,-90%,Bajo,15,217.38,426.66,,,,,,,,,,,,,,,,,
milpro perros,COP,50,-90%,0%,Bajo,31,,,,,,,,,,,,,,,,,,,
perritos chiquitos,COP,5000,0%,0%,Bajo,1,169.88,489.05,,,,,,,,,,,,,,,,,
pomerania mini,COP,5000,0%,0%,Bajo,8,182.90,393.46,,,,,,,,,,,,,,,,,
comidas para navidad,COP,500,900%,0%,Bajo,1,155.11,775.57,,,,,,,,,,,,,,,,,
perros medianos,COP,5000,0%,0%,Bajo,1,177.76,465.06,,,,,,,,,,,,,,,,,
comida india,COP,5000,0%,0%,Bajo,0,468.55,2078.71,,,,,,,,,,,,,,,,,
ropa de perro,COP,500,0%,0%,Alto,95,202.70,2038.42,,,,,,,,,,,,,,,,,
purina pro plan cachorro,COP,50,900%,900%,Alto,100,471.54,3111.26,,,,,,,,,,,,,,,,,
comidas rapidas y sencillas,COP,500,0%,0%,Bajo,3,155.11,317.09,,,,,,,,,,,,,,,,,
pasto para perros,COP,500,0%,0%,Alto,100,78.04,4201.93,,,,,,,,,,,,,,,,,
disfraces para perros,COP,5000,-90%,0%,Bajo,30,118.50,1336.49,,,,,,,,,,,,,,,,,
perrera,COP,5000,0%,0%,Bajo,8,1202.14,15433.90,,,,,,,,,,,,,,,,,
comidas rapidas y saludables,COP,500,0%,0%,Bajo,6,155.11,833.51,,,,,,,,,,,,,,,,,
juguetes kong,COP,500,0%,0%,Alto,100,160.37,1240.92,,,,,,,,,,,,,,,,,
chunky adulto,COP,5000,0%,0%,Alto,100,228.76,2713.68,,,,,,,,,,,,,,,,,
casas de perros,COP,5000,0%,0%,Alto,100,104.76,988.86,,,,,,,,,,,,,,,,,
dieta equilibrada,COP,500,0%,0%,Bajo,1,271.45,718.79,,,,,,,,,,,,,,,,,
perros pomerania,COP,50000,0%,0%,Bajo,2,211.96,386.46,,,,,,,,,,,,,,,,,
criaderos de perros,COP,5000,0%,0%,Bajo,31,234.66,632.91,,,,,,,,,,,,,,,,,
churu perros,COP,500,0%,0%,Alto,97,426.67,2249.16,,,,,,,,,,,,,,,,,
caniche toy precio,COP,500,0%,900%,Bajo,24,186.65,365.73,,,,,,,,,,,,,,,,,
masa pizza,COP,500,0%,0%,Bajo,25,134.52,193.89,,,,,,,,,,,,,,,,,
nexgard gatos,COP,5000,0%,0%,Medio,62,429.69,3007.36,,,,,,,,,,,,,,,,,
ropa para perros pequeños,COP,500,0%,-90%,Alto,71,116.34,899.84,,,,,,,,,,,,,,,,,
perrera cerca de mi,COP,50,0%,0%,Bajo,1,,,,,,,,,,,,,,,,,,,
coches para perros,COP,5000,0%,0%,Alto,100,164.18,2132.83,,,,,,,,,,,,,,,,,
perros yorkie,COP,5000,0%,0%,Bajo,2,205.63,411.00,,,,,,,,,,,,,,,,,
comidas sencillas,COP,500,0%,0%,Bajo,7,142.21,271.45,,,,,,,,,,,,,,,,,
perros pequeños razas,COP,5000,0%,0%,Bajo,5,166.80,349.42,,,,,,,,,,,,,,,,,
cena de navidad,COP,5000,900%,0%,Bajo,2,313.53,1483.24,,,,,,,,,,,,,,,,,
pastor belga malinois,COP,50000,-90%,-90%,Bajo,1,189.71,362.62,,,,,,,,,,,,,,,,,
perreras,COP,5000,0%,0%,Bajo,8,1202.14,15433.90,,,,,,,,,,,,,,,,,
galletas para perros,COP,5000,0%,0%,Alto,99,340.41,1644.07,,,,,,,,,,,,,,,,,
furminator perro,COP,500,0%,0%,Alto,100,237.34,1407.69,,,,,,,,,,,,,,,,,
drontal perros,COP,5000,0%,0%,Medio,62,319.80,4131.85,,,,,,,,,,,,,,,,,
nexgard para perros,COP,500,0%,0%,Bajo,19,321.91,1295.27,,,,,,,,,,,,,,,,,
alimento para cachorros,COP,500,0%,0%,Alto,99,296.76,1434.81,,,,,,,,,,,,,,,,,
perros pequeños en venta,COP,500,900%,0%,Bajo,31,206.59,413.21,,,,,,,,,,,,,,,,,
mi perro no quiere comer,COP,5000,0%,0%,Bajo,0,84.65,846.55,,,,,,,,,,,,,,,,,
apoquel perros,COP,500,0%,0%,Alto,73,271.45,2438.70,,,,,,,,,,,,,,,,,
pizza vegetariana,COP,500,0%,0%,Bajo,3,151.64,620.46,,,,,,,,,,,,,,,,,
comidas rápidas,COP,5000,0%,0%,Bajo,2,659.24,1977.71,,,,,,,,,,,,,,,,,
platos vegetarianos,COP,500,0%,0%,Bajo,2,155.11,310.23,,,,,,,,,,,,,,,,,
masa para empanadas,COP,5000,0%,0%,Bajo,6,372.29,581.73,,,,,,,,,,,,,,,,,
chunky cachorros,COP,5000,0%,0%,Alto,98,200.81,1434.81,,,,,,,,,,,,,,,,,
desayunos faciles,COP,500,-90%,0%,Bajo,1,193.89,465.34,,,,,,,,,,,,,,,,,
sandwich cubano,COP,50000,0%,900%,Bajo,5,133.56,1667.48,,,,,,,,,,,,,,,,,
dog chow adulto 25 kg precio,COP,50,0%,0%,Medio,62,251.75,1279.70,,,,,,,,,,,,,,,,,
sandwich de miga,COP,500,0%,0%,Bajo,2,,,,,,,,,,,,,,,,,,,
vitaminas para perros adultos,COP,500,0%,0%,Alto,100,300.02,2307.74,,,,,,,,,,,,,,,,,
bozales para perros,COP,5000,0%,0%,Alto,100,116.34,1542.49,,,,,,,,,,,,,,,,,
restaurantes italianos,COP,5000,0%,0%,Bajo,3,419.73,2646.02,,,,,,,,,,,,,,,,,
estetica canina,COP,500,0%,0%,Bajo,2,904.97,3172.89,,,,,,,,,,,,,,,,,
pastor australiano,COP,50000,0%,0%,Bajo,0,193.49,556.17,,,,,,,,,,,,,,,,,
apoquel para perros,COP,500,0%,0%,Medio,59,271.45,2951.70,,,,,,,,,,,,,,,,,
comidas ricas,COP,5000,0%,0%,Bajo,3,155.11,888.34,,,,,,,,,,,,,,,,,
garrapatas en perros,COP,5000,0%,0%,Bajo,10,94.98,1139.75,,,,,,,,,,,,,,,,,
beagle precio,COP,5000,0%,0%,Bajo,23,193.28,388.27,,,,,,,,,,,,,,,,,
dialix,COP,50,0%,0%,Bajo,4,,,,,,,,,,,,,,,,,,,
pedigree adulto raza pequeña,COP,500,0%,0%,Alto,99,287.05,3689.70,,,,,,,,,,,,,,,,,
botas para perros,COP,500,0%,0%,Alto,100,155.11,2200.56,,,,,,,,,,,,,,,,,
pizza margarita,COP,5000,0%,0%,Bajo,1,473.29,1754.40,,,,,,,,,,,,,,,,,
comidas navideñas,COP,5000,9900%,900%,Bajo,1,353.29,2519.12,,,,,,,,,,,,,,,,,
arroz para paella,COP,500,0%,0%,Medio,67,387.79,2216.70,,,,,,,,,,,,,,,,,
dog chow extra life,COP,500,0%,0%,Alto,100,541.45,3888.49,,,,,,,,,,,,,,,,,
cepillos para perros,COP,5000,0%,0%,Alto,99,112.10,1972.94,,,,,,,,,,,,,,,,,
asado,COP,50000,0%,0%,Bajo,3,346.45,1266.64,,,,,,,,,,,,,,,,,
hamburguesas veganas,COP,500,0%,0%,Bajo,24,232.57,1338.79,,,,,,,,,,,,,,,,,
agility perros,COP,500,0%,0%,Alto,100,252.91,3143.02,,,,,,,,,,,,,,,,,
cordero asado,COP,500,0%,0%,Bajo,1,,,,,,,,,,,,,,,,,,,
laika perro,COP,5000,0%,0%,Bajo,30,310.23,14279.66,,,,,,,,,,,,,,,,,
comidas rápidas caseras,COP,500,0%,0%,Bajo,3,142.59,387.79,,,,,,,,,,,,,,,,,
dog chow cachorro raza pequeña,COP,500,0%,0%,Alto,97,371.13,2971.00,,,,,,,,,,,,,,,,,
alimento dog chow,COP,500,0%,0%,Alto,91,476.83,1898.92,,,,,,,,,,,,,,,,,
doberman precio,COP,5000,0%,0%,Bajo,23,149.33,341.18,,,,,,,,,,,,,,,,,
bulldog ingles precio,COP,5000,0%,0%,Bajo,10,174.49,506.41,,,,,,,,,,,,,,,,,
pizza casera,COP,5000,-90%,-90%,Bajo,2,155.11,155.11,,,,,,,,,,,,,,,,,
mochila perro,COP,50,0%,0%,Alto,95,,,,,,,,,,,,,,,,,,,
cachorros en adopción gratis,COP,500,0%,0%,Bajo,13,205.15,385.13,,,,,,,,,,,,,,,,,
rottweiler precio,COP,5000,0%,0%,Bajo,21,141.25,323.61,,,,,,,,,,,,,,,,,
productos para perros,COP,500,0%,0%,Alto,87,310.23,1508.38,,,,,,,,,,,,,,,,,
caniche,COP,5000,0%,0%,Bajo,0,208.44,1333.57,,,,,,,,,,,,,,,,,
gran danes,COP,50000,0%,0%,Bajo,0,211.47,1381.21,,,,,,,,,,,,,,,,,
comidas para año nuevo,COP,500,0%,0%,Bajo,3,,,,,,,,,,,,,,,,,,,
rampas para perros,COP,500,0%,900%,Alto,100,116.34,1396.03,,,,,,,,,,,,,,,,,
comida venezolana,COP,5000,0%,0%,Bajo,1,,,,,,,,,,,,,,,,,,,
purina para perros,COP,5000,0%,0%,Medio,66,429.76,2310.92,,,,,,,,,,,,,,,,,
perros de raza en adopción,COP,500,0%,0%,Bajo,26,195.40,341.18,,,,,,,,,,,,,,,,,
peine para perros,COP,500,0%,0%,Alto,100,116.34,2070.97,,,,,,,,,,,,,,,,,
comida tailandesa,COP,5000,0%,0%,Bajo,0,,,,,,,,,,,,,,,,,,,
husky siberiano precio,COP,5000,0%,0%,Bajo,16,141.34,389.92,,,,,,,,,,,,,,,,,
pedigree razas pequeñas,COP,500,0%,0%,Alto,96,326.73,4156.51,,,,,,,,,,,,,,,,,
pastor alemán precio,COP,5000,0%,0%,Bajo,24,187.77,365.28,,,,,,,,,,,,,,,,,
comidas rapidas y ricas,COP,500,0%,0%,Bajo,2,155.11,542.90,,,,,,,,,,,,,,,,,
transportadoras para perros,COP,50,900%,900%,Alto,100,209.44,2481.83,,,,,,,,,,,,,,,,,
comida colombiana,COP,5000,0%,0%,Bajo,1,578.45,3334.96,,,,,,,,,,,,,,,,,
comidas con carne molida,COP,500,0%,0%,Bajo,0,,,,,,,,,,,,,,,,,,,
perro chihuahua,COP,50000,0%,0%,Bajo,1,199.13,469.81,,,,,,,,,,,,,,,,,
alimentos para perros recomendados por veterinarios,COP,500,0%,0%,Alto,79,281.73,1008.24,,,,,,,,,,,,,,,,,
adopcion razas de perros pequeños,COP,5000,0%,0%,Bajo,1,204.56,393.55,,,,,,,,,,,,,,,,,
comida para perros cachorros,COP,500,0%,0%,Alto,94,303.87,2308.29,,,,,,,,,,,,,,,,,
monello cachorros,COP,5000,0%,0%,Alto,96,189.29,1434.81,,,,,,,,,,,,,,,,,
sopas maruchan,COP,5000,0%,-90%,Medio,61,193.89,1822.60,,,,,,,,,,,,,,,,,
transportin,COP,500,0%,0%,Medio,51,250.18,2975.21,,,,,,,,,,,,,,,,,
pan para hamburguesa,COP,500,-90%,0%,Medio,37,269.30,790.68,,,,,,,,,,,,,,,,,
perro husky,COP,5000,0%,0%,Bajo,0,193.14,516.08,,,,,,,,,,,,,,,,,
perros de apoyo emocional,COP,500,0%,0%,Bajo,16,224.56,594.78,,,,,,,,,,,,,,,,,
asuntol,COP,5000,0%,0%,Medio,45,349.01,2435.29,,,,,,,,,,,,,,,,,
ensaladas para bajar de peso,COP,500,0%,0%,Bajo,4,155.11,930.69,,,,,,,,,,,,,,,,,
restaurantes en santo domingo,COP,500,0%,0%,Bajo,8,504.12,581.68,,,,,,,,,,,,,,,,,
alimentacion sana,COP,5000,-90%,-90%,Bajo,6,159.26,853.13,,,,,,,,,,,,,,,,,
ensaladas nutritivas,COP,500,0%,900%,Bajo,4,,,,,,,,,,,,,,,,,,,
perro shih tzu,COP,50000,0%,0%,Bajo,2,219.66,589.99,,,,,,,,,,,,,,,,,
razas perros,COP,5000,0%,0%,Bajo,1,221.45,497.51,,,,,,,,,,,,,,,,,
perro pomerania precio,COP,5000,0%,0%,Bajo,16,182.15,334.50,,,,,,,,,,,,,,,,,
bocadillos para fiestas,COP,500,0%,0%,Bajo,2,379.18,703.63,,,,,,,,,,,,,,,,,
comida barata,COP,500,0%,0%,Bajo,10,542.90,2947.18,,,,,,,,,,,,,,,,,
perros en adopción urgente,COP,500,900%,0%,Bajo,3,,,,,,,,,,,,,,,,,,,
comidas sin carne,COP,50,0%,0%,Bajo,4,,,,,,,,,,,,,,,,,,,
pañales para gatos,COP,500,0%,0%,Alto,88,193.89,3541.67,,,,,,,,,,,,,,,,,
estetica canina cerca de mi,COP,50,0%,0%,Bajo,14,,,,,,,,,,,,,,,,,,,
salsa para pizza,COP,500,0%,0%,Bajo,23,,,,,,,,,,,,,,,,,,,
platos de comida,COP,5000,0%,0%,Bajo,4,,,,,,,,,,,,,,,,,,,
agility gold cachorros,COP,5000,0%,0%,Alto,99,260.93,1434.81,,,,,,,,,,,,,,,,,
empanadas colombianas,COP,5000,0%,0%,Bajo,2,349.01,1512.37,,,,,,,,,,,,,,,,,
sobres pedigree,COP,50,0%,0%,Alto,100,541.16,2352.07,,,,,,,,,,,,,,,,,
comida para perros marcas,COP,5000,-90%,0%,Alto,80,267.12,1434.81,,,,,,,,,,,,,,,,,
desparasitantes para perros,COP,5000,0%,0%,Alto,85,322.57,4371.86,,,,,,,,,,,,,,,,,
perros salchichas,COP,50000,0%,0%,Bajo,6,218.01,590.78,,,,,,,,,,,,,,,,,
paellas,COP,50000,0%,0%,Bajo,6,271.48,891.91,,,,,,,,,,,,,,,,,
flores de bach para perros,COP,500,0%,0%,Alto,82,433.41,2263.35,,,,,,,,,,,,,,,,,
perro rottweiler,COP,50000,0%,0%,Bajo,0,158.23,456.01,,,,,,,,,,,,,,,,,
advocate perros,COP,5000,0%,0%,Alto,100,243.81,2614.19,,,,,,,,,,,,,,,,,
etologia canina,COP,500,0%,0%,Bajo,26,437.20,1422.89,,,,,,,,,,,,,,,,,
golden retriever venta,COP,500,0%,0%,Medio,42,230.05,732.50,,,,,,,,,,,,,,,,,
arnes de perro,COP,500,0%,0%,Alto,100,147.84,1129.96,,,,,,,,,,,,,,,,,
simparica perro,COP,500,0%,0%,Bajo,20,289.57,1898.13,,,,,,,,,,,,,,,,,
simparica precio de 5 a 10 kg,COP,500,0%,900%,Bajo,18,205.08,1187.19,,,,,,,,,,,,,,,,,
paella de mariscos,COP,5000,0%,900%,Bajo,4,242.55,2916.61,,,,,,,,,,,,,,,,,
alimentos prohibidos para perros,COP,500,0%,0%,Bajo,4,51.06,337.28,,,,,,,,,,,,,,,,,
nexgard para gatos,COP,500,0%,0%,Medio,40,465.34,2891.74,,,,,,,,,,,,,,,,,
perro golden,COP,50000,0%,0%,Bajo,1,217.61,832.38,,,,,,,,,,,,,,,,,
inteligencia canina,COP,50,0%,0%,Bajo,0,,,,,,,,,,,,,,,,,,,
patas de pollo para perros,COP,500,0%,0%,Medio,57,475.70,1833.66,,,,,,,,,,,,,,,,,
alimento balanceado para perros,COP,50,0%,0%,Medio,40,,,,,,,,,,,,,,,,,,,
perro bulldog,COP,5000,0%,0%,Bajo,1,277.33,1381.53,,,,,,,,,,,,,,,,,
almuerzo,COP,50000,0%,0%,Bajo,2,103.78,1141.10,,,,,,,,,,,,,,,,,
platos saludables,COP,5000,0%,0%,Bajo,1,155.11,800.31,,,,,,,,,,,,,,,,,
sopas instantaneas,COP,500,0%,0%,Alto,82,271.45,4721.77,,,,,,,,,,,,,,,,,
perros pequeños gratis,COP,50,0%,0%,Bajo,0,,,,,,,,,,,,,,,,,,,
comida thai,COP,500,0%,0%,Bajo,0,,,,,,,,,,,,,,,,,,,
peluqueria para perros,COP,500,0%,0%,Bajo,7,410.13,1433.72,,,,,,,,,,,,,,,,,
samoyedo,COP,50000,0%,0%,Bajo,1,849.65,1313.06,,,,,,,,,,,,,,,,,
jack russell terrier precio,COP,5000,0%,0%,Bajo,18,190.93,321.89,,,,,,,,,,,,,,,,,
ensaladas faciles,COP,5000,0%,0%,Bajo,2,193.89,1537.01,,,,,,,,,,,,,,,,,
siberiano,COP,5000,0%,0%,Bajo,0,214.00,1381.21,,,,,,,,,,,,,,,,,
comidas de navidad,COP,500,900%,0%,Bajo,1,116.34,809.06,,,,,,,,,,,,,,,,,
maltes mini,COP,500,0%,0%,Bajo,4,202.76,502.59,,,,,,,,,,,,,,,,,
comidas rápidas mexicanas,COP,500,0%,0%,Bajo,2,,,,,,,,,,,,,,,,,,,
credelio precio,COP,5000,-90%,0%,Bajo,21,192.37,1224.87,,,,,,,,,,,,,,,,,
total max,COP,5000,0%,0%,Alto,99,360.01,2718.30,,,,,,,,,,,,,,,,,
pastor australiano precio,COP,5000,0%,0%,Bajo,9,201.78,394.75,,,,,,,,,,,,,,,,,
menú de comidas caseras,COP,500,0%,0%,Bajo,4,102.88,271.45,,,,,,,,,,,,,,,,,
carne de hamburguesa,COP,5000,0%,0%,Medio,47,247.83,2619.36,,,,,,,,,,,,,,,,,
pro plan cachorros,COP,5000,0%,0%,Alto,100,453.13,1871.97,,,,,,,,,,,,,,,,,
comidas nutritivas,COP,500,0%,0%,Bajo,7,155.11,1003.23,,,,,,,,,,,,,,,,,
hamburguesas vegetarianas,COP,500,0%,0%,Bajo,24,232.57,1338.79,,,,,,,,,,,,,,,,,
vetriderm shampoo,COP,50,900%,900%,Medio,34,398.41,3790.59,,,,,,,,,,,,,,,,,
comida para fiestas,COP,5000,0%,0%,Bajo,6,425.12,725.25,,,,,,,,,,,,,,,,,
shampoo para perro,COP,5000,0%,0%,Alto,99,306.75,3734.70,,,,,,,,,,,,,,,,,
artri tabs,COP,5000,0%,0%,Alto,88,208.61,2535.45,,,,,,,,,,,,,,,,,
perros de raza pequeña en venta,COP,500,0%,0%,Medio,36,209.47,457.96,,,,,,,,,,,,,,,,,
perro maltes,COP,5000,0%,0%,Bajo,1,218.14,787.64,,,,,,,,,,,,,,,,,
comidas sin grasa,COP,500,0%,0%,Bajo,6,193.89,908.21,,,,,,,,,,,,,,,,,
comidas ricas y faciles,COP,500,0%,0%,Bajo,4,155.11,392.57,,,,,,,,,,,,,,,,,
almuerzo rapido,COP,5000,0%,0%,Bajo,11,137.04,1610.87,,,,,,,,,,,,,,,,,
tapas de empanadas,COP,500,0%,0%,Bajo,6,,,,,,,,,,,,,,,,,,,
chalecos para perros,COP,5000,0%,0%,Alto,100,116.34,864.10,,,,,,,,,,,,,,,,,
mirrapel,COP,5000,0%,0%,Alto,90,270.08,3160.34,,,,,,,,,,,,,,,,,
marcas de comida para perros,COP,500,0%,0%,Medio,53,278.73,1357.25,,,,,,,,,,,,,,,,,
simparica precio de 20 a 40 kg,COP,500,0%,900%,Bajo,18,393.51,1298.77,,,,,,,,,,,,,,,,,
masa de empanadas,COP,500,0%,0%,Bajo,3,,,,,,,,,,,,,,,,,,,
perro robot juguete,COP,500,0%,0%,Alto,100,150.12,659.24,,,,,,,,,,,,,,,,,
ensaladas navideñas,COP,5000,900%,0%,Bajo,1,620.46,1919.10,,,,,,,,,,,,,,,,,
desayunos mexicanos,COP,500,0%,0%,Bajo,0,,,,,,,,,,,,,,,,,,,
perro beagle,COP,5000,0%,0%,Bajo,1,216.02,487.71,,,,,,,,,,,,,,,,,
huargos,COP,500,0%,0%,Bajo,1,,,,,,,,,,,,,,,,,,,
perros doberman,COP,5000,0%,0%,Bajo,0,178.84,514.83,,,,,,,,,,,,,,,,,
cena rapida y facil,COP,5000,0%,0%,Bajo,4,155.11,271.45,,,,,,,,,,,,,,,,,
perro schnauzer,COP,5000,0%,0%,Bajo,1,245.40,1333.59,,,,,,,,,,,,,,,,,
comida mediterranea,COP,5000,0%,0%,Bajo,1,504.12,1861.38,,,,,,,,,,,,,,,,,
ringo cachorros,COP,5000,0%,0%,Alto,91,291.46,1296.35,,,,,,,,,,,,,,,,,
mundo canino,COP,500,0%,900%,Bajo,2,,,,,,,,,,,,,,,,,,,
comida gourmet,COP,5000,0%,0%,Bajo,2,155.11,906.47,,,,,,,,,,,,,,,,,
golden retriever cachorro,COP,5000,0%,0%,Bajo,5,225.99,549.54,,,,,,,,,,,,,,,,,
perros pitbull,COP,50000,0%,0%,Bajo,0,232.13,768.58,,,,,,,,,,,,,,,,,
labrador retriever precio,COP,500,0%,0%,Bajo,27,213.45,463.84,,,,,,,,,,,,,,,,,
bichon maltes toy,COP,500,0%,0%,Bajo,0,,,,,,,,,,,,,,,,,,,
comida hindu,COP,500,-90%,0%,Bajo,0,450.04,4748.75,,,,,,,,,,,,,,,,,
comida asiatica,COP,5000,0%,0%,Bajo,1,504.12,2598.17,,,,,,,,,,,,,,,,,
parques para perros,COP,500,900%,900%,Bajo,8,1211.80,22908.30,,,,,,,,,,,,,,,,,
lentes para perros,COP,50,0%,0%,Alto,87,,,,,,,,,,,,,,,,,,,
perro yorkie precio,COP,5000,0%,0%,Bajo,13,197.76,380.41,,,,,,,,,,,,,,,,,
bocadillos,COP,5000,0%,0%,Bajo,12,271.45,2074.10,,,,,,,,,,,,,,,,,
yorkie precio,COP,500,900%,900%,Bajo,24,190.86,349.62,,,,,,,,,,,,,,,,,
tortillas para tacos,COP,500,-90%,0%,Alto,100,,,,,,,,,,,,,,,,,,,
comidas fáciles y económicas para el almuerzo,COP,500,0%,0%,Bajo,9,140.72,271.45,,,,,,,,,,,,,,,,,
perro boxer,COP,50000,-90%,-90%,Bajo,0,197.06,616.06,,,,,,,,,,,,,,,,,
samoyedo precio,COP,5000,0%,0%,Bajo,16,241.49,979.96,,,,,,,,,,,,,,,,,
perros grandes,COP,50000,0%,0%,Bajo,0,245.50,1334.45,,,,,,,,,,,,,,,,,
empanadas venezolanas,COP,5000,0%,0%,Bajo,0,,,,,,,,,,,,,,,,,,,
perro de juguete,COP,500,900%,0%,Alto,83,100.43,909.15,,,,,,,,,,,,,,,,,
almuerzo casero,COP,50000,0%,0%,Bajo,3,136.43,465.34,,,,,,,,,,,,,,,,,
dieta blanda para perros,COP,500,0%,0%,Alto,89,409.15,1007.10,,,,,,,,,,,,,,,,,
empanadas de queso,COP,500,0%,0%,Bajo,7,,,,,,,,,,,,,,,,,,,
boyero de berna,COP,5000,0%,0%,Bajo,1,199.68,361.31,,,,,,,,,,,,,,,,,
comidas rápidas y sanas,COP,500,900%,0%,Bajo,5,152.64,891.91,,,,,,,,,,,,,,,,,
cachorros pastor aleman,COP,5000,0%,0%,Bajo,9,210.94,421.11,,,,,,,,,,,,,,,,,
masa de pizza casera,COP,500,0%,0%,Bajo,5,155.11,155.11,,,,,,,,,,,,,,,,,
perros miniatura,COP,5000,0%,0%,Bajo,2,218.12,749.96,,,,,,,,,,,,,,,,,
pedigree perro,COP,500,0%,0%,Medio,48,205.63,1381.21,,,,,,,,,,,,,,,,,
akita americano,COP,50000,0%,0%,Bajo,1,194.60,1531.24,,,,,,,,,,,,,,,,,
empanadas de carne,COP,5000,-90%,0%,Bajo,3,,,,,,,,,,,,,,,,,,,
perro labrador precio,COP,500,0%,0%,Bajo,12,210.56,395.48,,,,,,,,,,,,,,,,,
chow chow precio,COP,500,0%,0%,Bajo,8,229.67,573.48,,,,,,,,,,,,,,,,,
perro shih tzu precio,COP,5000,0%,0%,Bajo,7,169.88,430.06,,,,,,,,,,,,,,,,,
sopas mexicanas,COP,500,0%,0%,Bajo,1,,,,,,,,,,,,,,,,,,,
comida americana,COP,500,0%,0%,Bajo,0,,,,,,,,,,,,,,,,,,,
empanadas de pino,COP,500,0%,0%,Bajo,0,,,,,,,,,,,,,,,,,,,
estetica canina a domicilio,COP,50,0%,0%,Bajo,11,610.22,1486.59,,,,,,,,,,,,,,,,,
electrolitos para perros,COP,500,0%,0%,Bajo,28,,,,,,,,,,,,,,,,,,,
husky precio,COP,500,0%,0%,Bajo,22,149.58,340.14,,,,,,,,,,,,,,,,,
comidas italianas,COP,500,0%,0%,Bajo,1,84.56,1705.27,,,,,,,,,,,,,,,,,
fiprokill,COP,50,0%,0%,Bajo,21,,,,,,,,,,,,,,,,,,,
lobo siberiano,COP,50000,0%,0%,Bajo,0,187.20,616.35,,,,,,,,,,,,,,,,,
restaurantes de comida sana,COP,500,0%,0%,Bajo,6,452.17,1938.93,,,,,,,,,,,,,,,,,
asado argentino,COP,5000,0%,0%,Bajo,1,577.96,1464.09,,,,,,,,,,,,,,,,,
comida árabe,COP,5000,0%,0%,Bajo,1,387.79,1822.60,,,,,,,,,,,,,,,,,
perro mono,COP,5000,0%,0%,Bajo,2,581.68,1589.92,,,,,,,,,,,,,,,,,
gran danes precio,COP,5000,0%,0%,Bajo,14,197.94,426.96,,,,,,,,,,,,,,,,,
las cazuelas,COP,50,0%,0%,Bajo,0,,,,,,,,,,,,,,,,,,,
pomerania cara de oso,COP,5000,0%,0%,Bajo,4,190.93,444.89,,,,,,,,,,,,,,,,,
comid,COP,500,0%,-90%,Bajo,1,426.57,2055.27,,,,,,,,,,,,,,,,,
ensaladas sencillas,COP,5000,0%,-90%,Bajo,1,232.67,1938.93,,,,,,,,,,,,,,,,,
dogourmet cachorros,COP,5000,0%,0%,Alto,90,257.35,4027.90,,,,,,,,,,,,,,,,,
bichon maltes mini,COP,500,0%,0%,Bajo,11,213.31,628.02,,,,,,,,,,,,,,,,,
poder canino,COP,50,0%,0%,Bajo,3,,,,,,,,,,,,,,,,,,,
torta fritas,COP,500,0%,0%,Bajo,4,,,,,,,,,,,,,,,,,,,
labrador chocolate,COP,5000,0%,0%,Bajo,2,236.69,654.03,,,,,,,,,,,,,,,,,
entradas de comida,COP,5000,-90%,-90%,Bajo,0,,,,,,,,,,,,,,,,,,,
precio bulldog frances,COP,5000,0%,0%,Bajo,19,141.17,463.68,,,,,,,,,,,,,,,,,
comida nutritiva,COP,500,0%,0%,Bajo,7,155.11,1003.23,,,,,,,,,,,,,,,,,
comida para cumpleaños,COP,5000,0%,0%,Bajo,5,449.61,724.55,,,,,,,,,,,,,,,,,
pan de miga,COP,500,0%,0%,Bajo,17,,,,,,,,,,,,,,,,,,,
ensaladas gourmet,COP,500,0%,0%,Bajo,4,193.89,1777.77,,,,,,,,,,,,,,,,,
cachorros labrador,COP,500,0%,0%,Bajo,10,259.53,619.82,,,,,,,,,,,,,,,,,
pug precio,COP,500,0%,0%,Bajo,12,192.96,393.82,,,,,,,,,,,,,,,,,
pipican,COP,500,0%,0%,Alto,92,265.93,6619.62,,,,,,,,,,,,,,,,,
pizza a la piedra,COP,500,0%,0%,Bajo,4,,,,,,,,,,,,,,,,,,,
bichon frise precio,COP,500,0%,0%,Bajo,18,182.40,347.53,,,,,,,,,,,,,,,,,
perros pequeños peludos,COP,5000,0%,0%,Bajo,1,119.53,429.63,,,,,,,,,,,,,,,,,
belga malinois,COP,5000,0%,0%,Bajo,1,108.24,320.22,,,,,,,,,,,,,,,,,
comida española,COP,5000,0%,0%,Bajo,0,412.71,1060.57,,,,,,,,,,,,,,,,,
vetriderm jabon,COP,500,0%,0%,Bajo,28,216.40,2200.07,,,,,,,,,,,,,,,,,
perros perdidos,COP,500,0%,0%,Bajo,5,354.38,665.83,,,,,,,,,,,,,,,,,
schnauzer miniatura precio,COP,500,0%,0%,Bajo,21,191.54,378.46,,,,,,,,,,,,,,,,,
perro peluche,COP,500,0%,0%,Medio,53,,,,,,,,,,,,,,,,,,,
bulldog inglés,COP,50000,0%,0%,Bajo,1,215.07,611.48,,,,,,,,,,,,,,,,,
casa de comidas,COP,50,0%,0%,Bajo,1,,,,,,,,,,,,,,,,,,,
pomerania toy,COP,5000,0%,0%,Bajo,3,191.22,384.16,,,,,,,,,,,,,,,,,
caniche mini toy,COP,500,0%,0%,Bajo,4,221.62,423.11,,,,,,,,,,,,,,,,,
jabon para perros,COP,5000,0%,900%,Medio,65,331.17,4008.39,,,,,,,,,,,,,,,,,
mini pincher,COP,5000,0%,0%,Bajo,1,218.00,444.31,,,,,,,,,,,,,,,,,
perro beagle precio,COP,5000,0%,-90%,Bajo,9,192.37,356.42,,,,,,,,,,,,,,,,,
labrador precio,COP,500,0%,0%,Bajo,18,191.92,460.10,,,,,,,,,,,,,,,,,
garrapatas en perros como eliminarlas,COP,500,0%,900%,Medio,36,221.50,1193.33,,,,,,,,,,,,,,,,,
el perro,COP,5000,0%,0%,Bajo,0,,,,,,,,,,,,,,,,,,,
cachorro pomerania,COP,500,0%,0%,Bajo,14,212.43,386.89,,,,,,,,,,,,,,,,,
cena de año nuevo,COP,500,900%,0%,Bajo,4,,,,,,,,,,,,,,,,,,,
ensaladas frescas,COP,500,0%,0%,Bajo,1,63.91,1660.25,,,,,,,,,,,,,,,,,
ropita para perros,COP,5000,0%,0%,Alto,99,143.29,1545.06,,,,,,,,,,,,,,,,,
masa para pizza casera,COP,500,0%,0%,Bajo,4,155.11,193.89,,,,,,,,,,,,,,,,,
vestidos para perritas,COP,500,0%,-90%,Medio,37,114.31,1124.58,,,,,,,,,,,,,,,,,
perro golden precio,COP,500,0%,0%,Bajo,19,171.03,360.33,,,,,,,,,,,,,,,,,
comidas con atun,COP,500,0%,0%,Bajo,3,381.68,838.86,,,,,,,,,,,,,,,,,
dalmatas,COP,50000,0%,0%,Bajo,1,204.25,741.82,,,,,,,,,,,,,,,,,
pastor belga malinois precio,COP,500,0%,0%,Bajo,13,187.52,334.12,,,,,,,,,,,,,,,,,
razas de perros grandes,COP,50000,0%,0%,Bajo,0,257.51,1387.07,,,,,,,,,,,,,,,,,
cachorros shih tzu,COP,500,0%,0%,Bajo,17,226.49,560.32,,,,,,,,,,,,,,,,,
pastor belga precio,COP,500,0%,0%,Bajo,16,189.12,344.95,,,,,,,,,,,,,,,,,
basset hound precio,COP,500,0%,0%,Bajo,19,215.97,524.64,,,,,,,,,,,,,,,,,
cena rapida,COP,5000,0%,0%,Bajo,5,155.11,271.45,,,,,,,,,,,,,,,,,
pan para sandwich,COP,5000,0%,900%,Bajo,24,234.92,615.40,,,,,,,,,,,,,,,,,
nutrecan cachorros,COP,5000,0%,0%,Alto,83,374.25,4113.33,,,,,,,,,,,,,,,,,
perros mini toy,COP,5000,0%,0%,Bajo,2,214.13,389.30,,,,,,,,,,,,,,,,,
perros peludos,COP,5000,0%,0%,Bajo,0,,,,,,,,,,,,,,,,,,,
perro siberiano,COP,5000,0%,0%,Bajo,0,170.62,398.43,,,,,,,,,,,,,,,,,
perro bulldog frances,COP,5000,0%,0%,Bajo,3,246.66,811.92,,,,,,,,,,,,,,,,,
pan de carne,COP,50,0%,-90%,Bajo,0,,,,,,,,,,,,,,,,,,,
cachorros pomerania,COP,500,0%,0%,Bajo,14,212.43,386.89,,,,,,,,,,,,,,,,,
mi perro vomita amarillo,COP,5000,900%,0%,Bajo,1,79.76,261.02,,,,,,,,,,,,,,,,,
tortas fritas,COP,500,0%,0%,Bajo,4,,,,,,,,,,,,,,,,,,,
hamburguesa de carne,COP,5000,0%,0%,Medio,47,247.83,2619.36,,,,,,,,,,,,,,,,,
casas para perros de madera,COP,500,0%,0%,Alto,68,116.34,714.08,,,,,,,,,,,,,,,,,
salsa de tomate para pizza,COP,500,0%,0%,Bajo,13,,,,,,,,,,,,,,,,,,,
para perros,COP,500,0%,0%,Bajo,22,349.01,1333.57,,,,,,,,,,,,,,,,,
chiguagua toy,COP,500,0%,0%,Bajo,2,181.41,717.85,,,,,,,,,,,,,,,,,
comida cubana,COP,500,0%,0%,Bajo,0,,,,,,,,,,,,,,,,,,,
comida libanesa,COP,500,-90%,0%,Bajo,1,387.79,1473.59,,,,,,,,,,,,,,,,,
boyero de berna precio,COP,500,0%,0%,Bajo,21,179.36,325.74,,,,,,,,,,,,,,,,,
akita americano precio,COP,5000,0%,0%,Bajo,8,165.12,967.84,,,,,,,,,,,,,,,,,
comida portuguesa,COP,500,0%,0%,Bajo,0,,,,,,,,,,,,,,,,,,,
bulldog frances blue,COP,5000,0%,0%,Bajo,2,134.95,588.38,,,,,,,,,,,,,,,,,
asuntol jabon,COP,5000,0%,0%,Medio,55,271.45,2724.00,,,,,,,,,,,,,,,,,
poodle toy precio,COP,50,0%,0%,Bajo,24,215.24,383.77,,,,,,,,,,,,,,,,,
masa para empanadas fritas,COP,500,0%,0%,Bajo,1,,,,,,,,,,,,,,,,,,,
bull terrier precio,COP,5000,-90%,0%,Bajo,6,213.66,372.73,,,,,,,,,,,,,,,,,
mi perro vomita,COP,500,0%,0%,Bajo,2,57.60,147.71,,,,,,,,,,,,,,,,,
perro border collie,COP,5000,0%,0%,Bajo,2,210.68,706.73,,,,,,,,,,,,,,,,,
los perros,COP,5000,0%,0%,Bajo,2,620.46,1667.48,,,,,,,,,,,,,,,,,
empanadas arabes,COP,500,0%,0%,Bajo,0,,,,,,,,,,,,,,,,,,,
comida ecuatoriana,COP,500,0%,0%,Bajo,0,,,,,,,,,,,,,,,,,,,
rottweiler cachorro,COP,5000,0%,0%,Bajo,2,191.35,446.32,,,,,,,,,,,,,,,,,
border collie cachorro,COP,5000,0%,0%,Bajo,3,208.71,533.34,,,,,,,,,,,,,,,,,
pitbull blue,COP,5000,0%,0%,Bajo,0,224.80,667.77,,,,,,,,,,,,,,,,,
schnauzer precio,COP,500,0%,0%,Bajo,15,216.00,409.86,,,,,,,,,,,,,,,,,
pomerania mini toy,COP,500,0%,0%,Bajo,10,173.39,390.12,,,,,,,,,,,,,,,,,
cachorros golden,COP,500,0%,0%,Bajo,17,226.49,563.43,,,,,,,,,,,,,,,,,
perro de agua,COP,5000,0%,0%,Bajo,0,,,,,,,,,,,,,,,,,,,
menú semanal para hígado graso,COP,500,0%,-90%,Bajo,1,,,,,,,,,,,,,,,,,,,
precio de bulldog francés,COP,500,0%,0%,Bajo,25,137.40,413.83,,,,,,,,,,,,,,,,,
pug perro,COP,50000,0%,0%,Bajo,2,215.24,1373.84,,,,,,,,,,,,,,,,,
beagle cachorro,COP,5000,-90%,-90%,Bajo,2,202.65,435.84,,,,,,,,,,,,,,,,,
perros bonitos,COP,5000,0%,0%,Bajo,0,,,,,,,,,,,,,,,,,,,
masa pizza casera,COP,50,0%,0%,Bajo,4,155.11,193.89,,,,,,,,,,,,,,,,,
perros poodle,COP,5000,0%,0%,Bajo,1,205.55,465.06,,,,,,,,,,,,,,,,,
locos por el asado,COP,500,0%,0%,Bajo,1,,,,,,,,,,,,,,,,,,,
pizza integral,COP,50,0%,0%,Bajo,5,,,,,,,,,,,,,,,,,,,
perro husky precio,COP,500,0%,0%,Bajo,6,144.02,328.77,,,,,,,,,,,,,,,,,
perro callejero,COP,5000,0%,0%,Bajo,0,,,,,,,,,,,,,,,,,,,
perro pastor aleman,COP,5000,0%,0%,Bajo,1,212.51,446.84,,,,,,,,,,,,,,,,,
perro pug precio,COP,5000,0%,0%,Bajo,6,192.54,446.83,,,,,,,,,,,,,,,,,
boxer perro,COP,50000,-90%,-90%,Bajo,0,197.06,616.06,,,,,,,,,,,,,,,,,
bichon maltes precio,COP,500,0%,-90%,Bajo,19,192.04,447.77,,,,,,,,,,,,,,,,,
lobo siberiano precio,COP,5000,0%,0%,Bajo,10,142.19,364.17,,,,,,,,,,,,,,,,,
mi perro no quiere comer y está decaído,COP,500,0%,-90%,Bajo,2,124.32,659.24,,,,,,,,,,,,,,,,,
comida halloween,COP,500,0%,0%,Bajo,0,,,,,,,,,,,,,,,,,,,
perro akita,COP,5000,0%,0%,Bajo,1,445.17,1546.79,,,,,,,,,,,,,,,,,
perro golden retriever,COP,5000,0%,0%,Bajo,3,200.16,693.09,,,,,,,,,,,,,,,,,
pomerania toy precio,COP,500,0%,0%,Bajo,12,174.93,357.94,,,,,,,,,,,,,,,,,
cachorros chihuahua,COP,500,0%,-90%,Bajo,14,208.32,473.75,,,,,,,,,,,,,,,,,
masa empanadas fritas,COP,50,0%,0%,Bajo,0,,,,,,,,,,,,,,,,,,,
perrarina,COP,500,0%,0%,Medio,36,,,,,,,,,,,,,,,,,,,
chihuahua pelo largo,COP,5000,0%,0%,Bajo,2,129.65,317.29,,,,,,,,,,,,,,,,,
comida brasileña,COP,500,0%,0%,Bajo,13,203.75,3199.49,,,,,,,,,,,,,,,,,
asuntol para perros,COP,500,0%,0%,Medio,53,426.57,1977.71,,,,,,,,,,,,,,,,,
perros mini,COP,5000,900%,900%,Bajo,3,204.56,402.71,,,,,,,,,,,,,,,,,
comida francesa,COP,5000,0%,0%,Bajo,1,56.80,94.52,,,,,,,,,,,,,,,,,
comida griega,COP,5000,0%,900%,Bajo,1,42.42,84.84,,,,,,,,,,,,,,,,,
pizza por metro,COP,500,0%,0%,Bajo,2,370.57,2184.53,,,,,,,,,,,,,,,,,
boxer blanco,COP,500,0%,0%,Medio,48,372.82,1903.85,,,,,,,,,,,,,,,,,
comida dominicana,COP,500,0%,0%,Bajo,0,,,,,,,,,,,,,,,,,,,
labrador cachorro,COP,5000,0%,0%,Bajo,1,240.93,586.14,,,,,,,,,,,,,,,,,
paella española,COP,5000,-90%,-90%,Bajo,5,284.44,875.07,,,,,,,,,,,,,,,,,
pizza a la parrilla,COP,50,0%,0%,Bajo,1,,,,,,,,,,,,,,,,,,,
perros raza mediana,COP,500,0%,0%,Bajo,2,215.35,930.67,,,,,,,,,,,,,,,,,
bulldog americano,COP,5000,0%,0%,Bajo,0,,,,,,,,,,,,,,,,,,,
raza yorkie,COP,5000,0%,0%,Bajo,1,258.14,516.28,,,,,,,,,,,,,,,,,
un perro,COP,5000,0%,0%,Bajo,1,,,,,,,,,,,,,,,,,,,
perro collie,COP,5000,0%,0%,Bajo,1,,,,,,,,,,,,,,,,,,,
cachorros rottweiler,COP,500,0%,0%,Bajo,15,169.24,422.01,,,,,,,,,,,,,,,,,
cachorros yorkshire,COP,50,0%,0%,Bajo,15,228.39,516.24,,,,,,,,,,,,,,,,,
perros chicos,COP,50,0%,0%,Bajo,2,199.88,506.95,,,,,,,,,,,,,,,,,
pastor australiano miniatura,COP,500,0%,0%,Bajo,1,192.79,337.39,,,,,,,,,,,,,,,,,
labrador golden,COP,5000,0%,0%,Bajo,2,273.82,901.47,,,,,,,,,,,,,,,,,
comida rica,COP,5000,0%,0%,Bajo,3,155.11,888.34,,,,,,,,,,,,,,,,,
beagle perro,COP,5000,0%,0%,Bajo,1,203.73,384.39,,,,,,,,,,,,,,,,,
pastor suizo,COP,5000,900%,900%,Bajo,0,,,,,,,,,,,,,,,,,,,
comidas tipicas chilenas,COP,500,0%,0%,Bajo,0,,,,,,,,,,,,,,,,,,,
comidas chilenas,COP,500,-90%,-90%,Bajo,0,,,,,,,,,,,,,,,,,,,
perros grandes razas,COP,5000,0%,0%,Bajo,0,203.03,936.17,,,,,,,,,,,,,,,,,
perros salchichas mini,COP,5000,0%,0%,Bajo,15,183.39,556.48,,,,,,,,,,,,,,,,,
comida oriental,COP,5000,0%,0%,Bajo,1,426.57,2094.05,,,,,,,,,,,,,,,,,
tacos de carne,COP,500,0%,0%,Bajo,2,,,,,,,,,,,,,,,,,,,
raza shih tzu,COP,5000,0%,0%,Bajo,1,217.07,1340.29,,,,,,,,,,,,,,,,,
perro gran danes,COP,5000,0%,0%,Bajo,0,206.84,511.56,,,,,,,,,,,,,,,,,
perro bull terrier,COP,5000,0%,0%,Bajo,0,,,,,,,,,,,,,,,,,,,
comidas frias,COP,500,0%,0%,Bajo,0,,,,,,,,,,,,,,,,,,,
perros cocker,COP,50000,0%,0%,Bajo,1,209.66,500.30,,,,,,,,,,,,,,,,,
masa para tacos,COP,50,0%,0%,Medio,41,,,,,,,,,,,,,,,,,,,
platos peruanos,COP,500,0%,0%,Bajo,0,,,,,,,,,,,,,,,,,,,
raza pomerania,COP,5000,0%,0%,Bajo,1,229.58,353.77,,,,,,,,,,,,,,,,,
carne para tacos,COP,500,0%,900%,Bajo,21,,,,,,,,,,,,,,,,,,,
pomerania blanco,COP,5000,0%,0%,Bajo,1,215.43,590.02,,,,,,,,,,,,,,,,,
perro chihuahua precio,COP,500,0%,0%,Bajo,20,192.04,354.25,,,,,,,,,,,,,,,,,
yorkshire toy,COP,50,0%,0%,Bajo,8,250.96,829.51,,,,,,,,,,,,,,,,,
bulldog precio,COP,500,0%,0%,Bajo,17,180.50,496.44,,,,,,,,,,,,,,,,,
perritos chiquitos peludos,COP,500,0%,0%,Bajo,0,,,,,,,,,,,,,,,,,,,
comida salvadoreña,COP,500,0%,0%,Bajo,0,,,,,,,,,,,,,,,,,,,
empanadas fritas,COP,500,0%,0%,Bajo,1,,,,,,,,,,,,,,,,,,,
galgocal 600,COP,5000,0%,0%,Bajo,16,346.05,1494.85,,,,,,,,,,,,,,,,,
cachorros beagle,COP,500,0%,0%,Bajo,17,202.01,402.71,,,,,,,,,,,,,,,,,
cuello isabelino,COP,500,0%,0%,Alto,86,155.11,863.07,,,,,,,,,,,,,,,,,
perros cachorros,COP,5000,0%,0%,Bajo,3,218.16,489.09,,,,,,,,,,,,,,,,,
cachorros pitbull,COP,500,0%,0%,Bajo,5,212.51,398.88,,,,,,,,,,,,,,,,,
comidas con carne picada,COP,50,0%,0%,Bajo,0,,,,,,,,,,,,,,,,,,,
mini pomerania,COP,5000,0%,0%,Bajo,3,182.43,349.19,,,,,,,,,,,,,,,,,
perros chiguagua,COP,50000,0%,0%,Bajo,1,199.13,469.81,,,,,,,,,,,,,,,,,
cachorros husky,COP,500,0%,0%,Bajo,14,188.13,454.29,,,,,,,,,,,,,,,,,
perritos bebes,COP,5000,0%,0%,Bajo,1,242.55,1333.89,,,,,,,,,,,,,,,,,
cachorros schnauzer,COP,500,0%,0%,Bajo,15,232.33,529.74,,,,,,,,,,,,,,,,,
comidas con carne,COP,500,0%,0%,Bajo,2,271.45,2625.20,,,,,,,,,,,,,,,,,
mondongos,COP,50000,0%,0%,Bajo,1,232.67,2210.38,,,,,,,,,,,,,,,,,
peluditos,COP,500,0%,0%,Bajo,2,1077.19,3238.93,,,,,,,,,,,,,,,,,
collie border,COP,500,0%,0%,Bajo,1,284.64,1588.60,,,,,,,,,,,,,,,,,
boxer americano,COP,500,0%,0%,Bajo,8,,,,,,,,,,,,,,,,,,,
perros toy,COP,500,0%,0%,Bajo,2,212.61,1333.89,,,,,,,,,,,,,,,,,
perro dalmata,COP,5000,0%,0%,Bajo,3,224.55,488.19,,,,,,,,,,,,,,,,,
cachorros pug,COP,500,0%,0%,Bajo,8,204.25,455.89,,,,,,,,,,,,,,,,,
alimentos buenos para el higado,COP,500,0%,0%,Bajo,1,271.45,891.91,,,,,,,,,,,,,,,,,
masa de tacos,COP,50,0%,0%,Alto,69,,,,,,,,,,,,,,,,,,,
galgocal,COP,5000,0%,0%,Medio,36,271.45,1357.25,,,,,,,,,,,,,,,,,
mejores razas de perros,COP,500,0%,0%,Bajo,1,,,,,,,,,,,,,,,,,,,
perro pastor belga,COP,5000,0%,0%,Bajo,0,,,,,,,,,,,,,,,,,,,
comida turca,COP,5000,-90%,-90%,Bajo,0,,,,,,,,,,,,,,,,,,,
golden perro,COP,50000,0%,0%,Bajo,1,217.61,832.38,,,,,,,,,,,,,,,,,
perro miniatura blanco,COP,5000,0%,-90%,Bajo,1,226.15,466.93,,,,,,,,,,,,,,,,,
labrador perro,COP,5000,0%,-90%,Bajo,1,225.50,853.13,,,,,,,,,,,,,,,,,
pitbull blue precio,COP,500,0%,0%,Bajo,14,225.75,390.12,,,,,,,,,,,,,,,,,
perro puppy,COP,500,0%,0%,Bajo,2,183.15,540.79,,,,,,,,,,,,,,,,,
pastor collie,COP,50000,0%,0%,Bajo,0,293.41,2044.86,,,,,,,,,,,,,,,,,
pastor ingles,COP,5000,0%,0%,Bajo,0,224.85,1356.53,,,,,,,,,,,,,,,,,
chicharrón prensado,COP,500,0%,0%,Bajo,1,,,,,,,,,,,,,,,,,,,
perro caniche,COP,5000,0%,0%,Bajo,1,231.57,676.47,,,,,,,,,,,,,,,,,
tusivet,COP,5000,0%,0%,Bajo,10,149.89,2014.33,,,,,,,,,,,,,,,,,
perro lobo checoslovaco,COP,5000,0%,0%,Bajo,0,275.72,1343.56,,,,,,,,,,,,,,,,,
perro terrier,COP,5000,0%,0%,Bajo,1,,,,,,,,,,,,,,,,,,,
pitbull americano,COP,5000,0%,0%,Bajo,0,,,,,,,,,,,,,,,,,,,
cachorros doberman,COP,500,0%,0%,Bajo,16,165.40,356.61,,,,,,,,,,,,,,,,,
masa de empanadas fritas,COP,50,0%,0%,Bajo,1,,,,,,,,,,,,,,,,,,,
tacos vegetarianos,COP,500,0%,0%,Bajo,1,,,,,,,,,,,,,,,,,,,
pastor ingles precio,COP,500,0%,0%,Bajo,6,204.25,335.59,,,,,,,,,,,,,,,,,
perro chau chau,COP,5000,0%,0%,Bajo,0,,,,,,,,,,,,,,,,,,,
mi perro vomita espuma,COP,50,0%,0%,Bajo,2,,,,,,,,,,,,,,,,,,,
perro shar pei,COP,5000,0%,0%,Bajo,1,,,,,,,,,,,,,,,,,,,
perros french poodle,COP,5000,0%,0%,Bajo,1,186.18,528.22,,,,,,,,,,,,,,,,,
golden collie,COP,5000,900%,900%,Bajo,0,343.88,1949.60,,,,,,,,,,,,,,,,,
paella de carne,COP,500,0%,0%,Bajo,2,405.52,1938.93,,,,,,,,,,,,,,,,,
perro samoyedo,COP,5000,0%,0%,Bajo,1,847.71,1353.89,,,,,,,,,,,,,,,,,
perro chow chow,COP,5000,0%,0%,Bajo,0,,,,,,,,,,,,,,,,,,,
golden terrier,COP,500,0%,0%,Bajo,1,237.85,1559.69,,,,,,,,,,,,,,,,,
salsa para tacos,COP,500,0%,0%,Bajo,29,,,,,,,,,,,,,,,,,,,
mi perro vomita espuma blanca,COP,500,0%,0%,Bajo,1,63.85,311.70,,,,,,,,,,,,,,,,,
torta frita,COP,500,0%,0%,Bajo,0,,,,,,,,,,,,,,,,,,,
asadito,COP,500,0%,0%,Bajo,0,,,,,,,,,,,,,,,,,,,
shar pei precio,COP,500,0%,0%,Bajo,6,211.52,414.31,,,,,,,,,,,,,,,,,
pomerania miniatura,COP,500,0%,0%,Bajo,12,196.13,335.05,,,,,,,,,,,,,,,,,
mini maltes,COP,50,0%,0%,Bajo,1,,,,,,,,,,,,,,,,,,,
raza de perro shih tzu,COP,5000,0%,0%,Bajo,0,184.49,386.09,,,,,,,,,,,,,,,,,
perritos tiernos,COP,5000,0%,0%,Bajo,1,,,,,,,,,,,,,,,,,,,
gran danés,COP,50000,0%,0%,Bajo,0,211.47,1381.21,,,,,,,,,,,,,,,,,
pan de sandwich,COP,500,0%,0%,Bajo,25,,,,,,,,,,,,,,,,,,,
razas de perros miniatura,COP,5000,0%,0%,Bajo,2,149.89,299.40,,,,,,,,,,,,,,,,,
razas de perros chiquitos,COP,500,0%,0%,Bajo,2,139.39,356.71,,,,,,,,,,,,,,,,,
comida de halloween,COP,500,0%,0%,Bajo,1,,,,,,,,,,,,,,,,,,,
artrin perros,COP,50,-90%,0%,Alto,79,426.57,1622.41,,,,,,,,,,,,,,,,,
pequines,COP,5000,0%,0%,Bajo,0,,,,,,,,,,,,,,,,,,,
sandwich de atun,COP,5000,0%,0%,Bajo,1,439.50,1592.96,,,,,,,,,,,,,,,,,
perros terrier,COP,5000,0%,0%,Bajo,1,,,,,,,,,,,,,,,,,,,
perro lobo siberiano,COP,5000,0%,0%,Bajo,0,139.39,398.86,,,,,,,,,,,,,,,,,
perro schnauzer precio,COP,500,0%,0%,Bajo,5,212.43,388.50,,,,,,,,,,,,,,,,,
bulldog ingles cachorro,COP,500,0%,0%,Bajo,2,216.78,516.04,,,,,,,,,,,,,,,,,
empanadas criollas,COP,50,0%,0%,Bajo,1,,,,,,,,,,,,,,,,,,,
perro rottweiler precio,COP,500,0%,0%,Bajo,11,147.01,335.35,,,,,,,,,,,,,,,,,
perro bichon maltes,COP,500,0%,0%,Bajo,2,207.25,785.93,,,,,,,,,,,,,,,,,
mi cachorro no quiere comer,COP,500,0%,0%,Bajo,0,,,,,,,,,,,,,,,,,,,
perro pincher,COP,50000,0%,-90%,Bajo,1,202.95,373.99,,,,,,,,,,,,,,,,,
bichon maltes americano,COP,50,0%,0%,Bajo,2,,,,,,,,,,,,,,,,,,,
garrapatas en gatos,COP,500,0%,0%,Bajo,23,,,,,,,,,,,,,,,,,,,
caniche micro toy,COP,50,0%,0%,Bajo,4,296.89,485.65,,,,,,,,,,,,,,,,,
perro bulldog francés,COP,5000,0%,0%,Bajo,3,246.66,811.92,,,,,,,,,,,,,,,,,
pomerania cachorro,COP,500,0%,0%,Bajo,2,227.39,596.64,,,,,,,,,,,,,,,,,
perros de agua,COP,500,0%,0%,Bajo,0,,,,,,,,,,,,,,,,,,,
razas pequeñas,COP,500,0%,0%,Bajo,3,190.09,324.61,,,,,,,,,,,,,,,,,
perros peludos pequeños,COP,5000,0%,0%,Bajo,0,133.56,1344.04,,,,,,,,,,,,,,,,,
perro jasqui,COP,500,0%,0%,Bajo,0,,,,,,,,,,,,,,,,,,,
doberman cachorro,COP,5000,0%,0%,Bajo,1,201.26,448.50,,,,,,,,,,,,,,,,,
perro san bernardo,COP,5000,0%,0%,Bajo,0,213.04,775.94,,,,,,,,,,,,,,,,,
empanadas chilenas,COP,500,0%,0%,Bajo,0,,,,,,,,,,,,,,,,,,,
raza beagle,COP,5000,0%,0%,Bajo,0,,,,,,,,,,,,,,,,,,,
bull terrier ingles,COP,500,0%,0%,Bajo,1,,,,,,,,,,,,,,,,,,,
tacos rojos,COP,50,0%,0%,Bajo,6,,,,,,,,,,,,,,,,,,,
chicharrón,COP,50000,0%,0%,Bajo,9,563.43,2365.50,,,,,,,,,,,,,,,,,
perro schnauzer mini,COP,500,0%,900%,Bajo,2,237.85,1116.43,,,,,,,,,,,,,,,,,
mini toy perro,COP,5000,0%,0%,Bajo,2,214.13,389.30,,,,,,,,,,,,,,,,,
perro bichon,COP,500,0%,0%,Bajo,2,,,,,,,,,,,,,,,,,,,
comida casera para perra recién parida,COP,500,0%,0%,Bajo,1,426.07,1047.02,,,,,,,,,,,,,,,,,
husky siberiano miniatura,COP,5000,0%,0%,Bajo,0,,,,,,,,,,,,,,,,,,,
gran danes perro,COP,5000,0%,0%,Bajo,0,206.84,511.56,,,,,,,,,,,,,,,,,
schnauzer perro,COP,5000,0%,0%,Bajo,1,253.00,1316.76,,,,,,,,,,,,,,,,,
jack russell precio,COP,500,0%,-90%,Bajo,17,197.31,374.02,,,,,,,,,,,,,,,,,
raza pug,COP,5000,0%,0%,Bajo,1,,,,,,,,,,,,,,,,,,,
perro frances,COP,5000,0%,0%,Bajo,0,247.61,564.69,,,,,,,,,,,,,,,,,
perro japones,COP,5000,0%,0%,Bajo,0,,,,,,,,,,,,,,,,,,,
viejo pastor ingles precio,COP,50,0%,0%,Bajo,6,232.75,500.70,,,,,,,,,,,,,,,,,
perro belga,COP,500,0%,0%,Bajo,0,,,,,,,,,,,,,,,,,,,
pitbull precio,COP,500,0%,0%,Bajo,13,212.07,364.75,,,,,,,,,,,,,,,,,
schnauzer mediano,COP,5000,0%,900%,Bajo,1,219.81,1334.03,,,,,,,,,,,,,,,,,
total full,COP,500,0%,0%,Alto,100,204.60,2848.47,,,,,,,,,,,,,,,,,
husky blanco,COP,5000,0%,0%,Bajo,0,240.56,569.38,,,,,,,,,,,,,,,,,
beagle comida,COP,500,0%,0%,Bajo,0,,,,,,,,,,,,,,,,,,,
chiguaguas,COP,5000,0%,0%,Bajo,0,189.29,470.50,,,,,,,,,,,,,,,,,
comida de mar,COP,5000,0%,0%,Bajo,2,522.06,1464.22,,,,,,,,,,,,,,,,,
perro jack russell,COP,5000,900%,0%,Bajo,3,192.58,307.62,,,,,,,,,,,,,,,,,
bull terrier miniatura,COP,500,0%,0%,Bajo,1,,,,,,,,,,,,,,,,,,,
perro vomita amarillo,COP,5000,0%,0%,Bajo,1,73.99,155.52,,,,,,,,,,,,,,,,,
cachorros boxer,COP,50,0%,0%,Bajo,15,182.71,455.45,,,,,,,,,,,,,,,,,
perro raza shih tzu,COP,5000,0%,0%,Bajo,1,221.01,1343.56,,,,,,,,,,,,,,,,,
mascara de perro,COP,500,-90%,0%,Bajo,21,,,,,,,,,,,,,,,,,,,
bulldog frances exotico,COP,5000,0%,0%,Bajo,1,166.69,540.06,,,,,,,,,,,,,,,,,
perros jugando poker,COP,500,0%,0%,Bajo,9,,,,,,,,,,,,,,,,,,,
perros chisus,COP,5000,0%,0%,Bajo,0,170.76,1333.93,,,,,,,,,,,,,,,,,
perro american bully,COP,5000,0%,0%,Bajo,0,294.99,1324.37,,,,,,,,,,,,,,,,,
pastor blanco suizo,COP,5000,0%,-90%,Bajo,0,,,,,,,,,,,,,,,,,,,
perros shar pei,COP,5000,0%,0%,Bajo,1,,,,,,,,,,,,,,,,,,,
perro french,COP,500,0%,0%,Bajo,0,,,,,,,,,,,,,,,,,,,
perro malinois,COP,500,0%,0%,Bajo,1,255.45,668.74,,,,,,,,,,,,,,,,,
raza de perro pomerania,COP,5000,0%,0%,Bajo,1,230.69,386.46,,,,,,,,,,,,,,,,,
comida casera para perra en lactancia,COP,500,0%,0%,Bajo,5,349.01,510.44,,,,,,,,,,,,,,,,,
choripanes,COP,5000,0%,0%,Bajo,0,,,,,,,,,,,,,,,,,,,
adiestramiento,COP,5000,0%,0%,Bajo,1,337.30,857.83,,,,,,,,,,,,,,,,,
tacos arabes,COP,50,0%,0%,Bajo,0,,,,,,,,,,,,,,,,,,,
de comida,COP,500,0%,0%,Bajo,2,,,,,,,,,,,,,,,,,,,
schnauzer blanco,COP,5000,0%,0%,Bajo,0,,,,,,,,,,,,,,,,,,,
terrier perro,COP,5000,0%,0%,Bajo,1,,,,,,,,,,,,,,,,,,,
perros chitzu,COP,500,0%,-90%,Bajo,2,213.18,377.51,,,,,,,,,,,,,,,,,
pitbull blue cachorro,COP,500,0%,0%,Bajo,2,208.44,418.57,,,,,,,,,,,,,,,,,
bully perro,COP,5000,0%,0%,Bajo,0,231.75,736.79,,,,,,,,,,,,,,,,,
perro australiano,COP,500,0%,0%,Bajo,0,,,,,,,,,,,,,,,,,,,
caniche mediano,COP,500,0%,0%,Bajo,1,,,,,,,,,,,,,,,,,,,
perro lobo mexicano,COP,500,0%,0%,Bajo,0,,,,,,,,,,,,,,,,,,,
de perros,COP,500,0%,0%,Bajo,1,,,,,,,,,,,,,,,,,,,
domador de perros,COP,500,0%,0%,Bajo,2,318.53,946.47,,,,,,,,,,,,,,,,,
perros de bolsillo,COP,500,0%,0%,Bajo,2,214.09,495.37,,,,,,,,,,,,,,,,,
razas de perros chicos,COP,50,0%,0%,Bajo,0,,,,,,,,,,,,,,,,,,,
viejo pastor ingles,COP,500,0%,0%,Bajo,0,,,,,,,,,,,,,,,,,,,
perro san bernardo precio,COP,500,0%,0%,Bajo,9,192.08,396.46,,,,,,,,,,,,,,,,,
desayuno americano,COP,5000,0%,0%,Bajo,0,,,,,,,,,,,,,,,,,,,
perros enanos,COP,500,0%,0%,Bajo,1,,,,,,,,,,,,,,,,,,,
artrin plus,COP,50,900%,900%,Bajo,19,,,,,,,,,,,,,,,,,,,
pastor aleman belga,COP,5000,0%,0%,Bajo,0,158.14,303.45,,,,,,,,,,,,,,,,,
perros golden bebes,COP,5000,0%,0%,Bajo,3,230.41,540.16,,,,,,,,,,,,,,,,,
san bernardo perro,COP,5000,0%,0%,Bajo,0,195.43,1117.43,,,,,,,,,,,,,,,,,
cachorritos,COP,500,0%,0%,Bajo,2,202.80,371.50,,,,,,,,,,,,,,,,,
razas de perros pequeños y medianos,COP,500,0%,0%,Bajo,2,165.27,714.25,,,,,,,,,,,,,,,,,
ensaladas frias,COP,5000,0%,0%,Bajo,0,,,,,,,,,,,,,,,,,,,
schnauzer cachorro,COP,500,0%,0%,Bajo,2,243.85,747.09,,,,,,,,,,,,,,,,,
perros finos,COP,5000,0%,0%,Bajo,0,209.83,888.90,,,,,,,,,,,,,,,,,
pastor belga cachorro,COP,5000,0%,0%,Bajo,1,188.13,324.61,,,,,,,,,,,,,,,,,
perro pastor australiano,COP,5000,900%,900%,Bajo,0,233.72,285.50,,,,,,,,,,,,,,,,,
cocker americano,COP,5000,0%,0%,Bajo,0,,,,,,,,,,,,,,,,,,,
chihuahua de pelo largo,COP,500,0%,0%,Bajo,1,170.54,311.72,,,,,,,,,,,,,,,,,
pitbull perro,COP,5000,900%,0%,Bajo,0,,,,,,,,,,,,,,,,,,,
perro bulldog ingles,COP,500,0%,0%,Bajo,1,218.25,514.06,,,,,,,,,,,,,,,,,
labrador blanco,COP,500,0%,0%,Bajo,0,,,,,,,,,,,,,,,,,,,
raza maltes,COP,500,0%,-90%,Bajo,0,,,,,,,,,,,,,,,,,,,
samoyedo cachorro,COP,5000,0%,0%,Bajo,2,368.65,1273.44,,,,,,,,,,,,,,,,,
pastor siberiano,COP,500,0%,0%,Bajo,1,,,,,,,,,,,,,,,,,,,
chiguagua mini,COP,500,0%,0%,Bajo,8,184.56,316.81,,,,,,,,,,,,,,,,,
comidas criollas,COP,500,0%,0%,Bajo,0,,,,,,,,,,,,,,,,,,,
100 razas de perros,COP,500,0%,900%,Bajo,1,223.09,701.77,,,,,,,,,,,,,,,,,
25 razas de perros,COP,500,0%,0%,Bajo,2,245.48,418.37,,,,,,,,,,,,,,,,,
afgano perro,COP,5000,0%,0%,Bajo,0,,,,,,,,,,,,,,,,,,,
akita blanco,COP,500,0%,0%,Bajo,0,,,,,,,,,,,,,,,,,,,
akita japones,COP,5000,0%,0%,Bajo,1,330.32,1707.89,,,,,,,,,,,,,,,,,
alimentos chatarra,COP,500,0%,0%,Bajo,0,,,,,,,,,,,,,,,,,,,
alimentos no saludables,COP,5000,0%,0%,Bajo,0,,,,,,,,,,,,,,,,,,,
alimentos prohibidos para perra embarazada,COP,500,0%,0%,Bajo,0,,,,,,,,,,,,,,,,,,,
alimentos saludables y no saludables,COP,500,-90%,0%,Bajo,0,,,,,,,,,,,,,,,,,,,
american bully cachorro,COP,500,0%,0%,Bajo,1,213.45,682.11,,,,,,,,,,,,,,,,,
américan bully,COP,500,0%,0%,Bajo,0,,,,,,,,,,,,,,,,,,,
asado aleman,COP,50,0%,0%,Bajo,0,,,,,,,,,,,,,,,,,,,
asado de carne,COP,500,0%,0%,Bajo,3,,,,,,,,,,,,,,,,,,,
azimelox,COP,5000,0%,0%,Bajo,2,290.25,6166.06,,,,,,,,,,,,,,,,,
beagle adulto,COP,500,0%,0%,Bajo,0,,,,,,,,,,,,,,,,,,,
beagle americano,COP,500,0%,0%,Bajo,0,,,,,,,,,,,,,,,,,,,
beethoven perro raza,COP,500,0%,0%,Bajo,0,,,,,,,,,,,,,,,,,,,
bichon frances,COP,50,0%,0%,Bajo,0,,,,,,,,,,,,,,,,,,,
border collie blanco,COP,500,0%,0%,Bajo,1,,,,,,,,,,,,,,,,,,,
border collie chocolate,COP,500,0%,0%,Bajo,2,171.71,388.69,,,,,,,,,,,,,,,,,
border collie tricolor,COP,500,0%,0%,Bajo,1,,,,,,,,,,,,,,,,,,,
boxer ingles,COP,500,0%,900%,Bajo,0,,,,,,,,,,,,,,,,,,,
boyero australiano,COP,500,0%,0%,Bajo,0,,,,,,,,,,,,,,,,,,,
boyero de appenzell,COP,500,0%,0%,Bajo,0,,,,,,,,,,,,,,,,,,,
boyero de berna cachorro,COP,500,0%,0%,Bajo,2,184.76,482.89,,,,,,,,,,,,,,,,,
boyero suizo,COP,500,0%,0%,Bajo,0,,,,,,,,,,,,,,,,,,,
bull terrier americano,COP,5000,0%,0%,Bajo,0,,,,,,,,,,,,,,,,,,,
bull terrier cachorro,COP,500,0%,0%,Bajo,1,,,,,,,,,,,,,,,,,,,
bull terrier ingles precio,COP,50,0%,0%,Bajo,1,,,,,,,,,,,,,,,,,,,
bulldog aleman,COP,500,0%,0%,Bajo,0,,,,,,,,,,,,,,,,,,,
bulldog argentino,COP,500,0%,0%,Bajo,0,,,,,,,,,,,,,,,,,,,
bulldog cachorro,COP,500,0%,0%,Bajo,2,235.92,1043.81,,,,,,,,,,,,,,,,,
bulldog francés cachorro,COP,5000,0%,0%,Bajo,5,182.29,682.41,,,,,,,,,,,,,,,,,
bulldog ingles exotico,COP,500,0%,0%,Bajo,0,,,,,,,,,,,,,,,,,,,
bully americano,COP,5000,0%,0%,Bajo,1,210.94,1344.04,,,,,,,,,,,,,,,,,
caniche blanco,COP,50,0%,0%,Bajo,0,,,,,,,,,,,,,,,,,,,
caniche grande,COP,500,900%,900%,Bajo,0,,,,,,,,,,,,,,,,,,,
cara de perro,COP,5000,-90%,-90%,Bajo,3,,,,,,,,,,,,,,,,,,,
chihuahua cachorro,COP,500,0%,0%,Bajo,3,204.71,443.91,,,,,,,,,,,,,,,,,
chihuahua con pelo,COP,500,0%,0%,Bajo,0,,,,,,,,,,,,,,,,,,,
chihuahua peludos,COP,5000,0%,0%,Bajo,0,168.64,258.32,,,,,,,,,,,,,,,,,
chihuahua perro,COP,50000,0%,0%,Bajo,1,199.13,469.81,,,,,,,,,,,,,,,,,
chocolate perros,COP,500,0%,0%,Bajo,0,,,,,,,,,,,,,,,,,,,
chow chow blanco,COP,500,0%,0%,Bajo,1,,,,,,,,,,,,,,,,,,,
chow chow cachorro,COP,500,0%,0%,Bajo,1,181.12,370.99,,,,,,,,,,,,,,,,,
cocker español,COP,500,0%,0%,Bajo,1,167.10,400.70,,,,,,,,,,,,,,,,,
cocker ingles,COP,5000,0%,0%,Bajo,0,,,,,,,,,,,,,,,,,,,
cocker perro,COP,5000,0%,0%,Bajo,0,201.78,361.94,,,,,,,,,,,,,,,,,
coco perro,COP,500,0%,0%,Bajo,0,,,,,,,,,,,,,,,,,,,
collie de pelo largo,COP,500,0%,0%,Bajo,1,243.50,1344.39,,,,,,,,,,,,,,,,,
collie raza,COP,500,900%,0%,Bajo,0,,,,,,,,,,,,,,,,,,,
comida alemana,COP,500,0%,0%,Bajo,0,,,,,,,,,,,,,,,,,,,
comida boliviana,COP,500,0%,0%,Bajo,0,,,,,,,,,,,,,,,,,,,
comida cantonesa,COP,500,0%,0%,Bajo,0,,,,,,,,,,,,,,,,,,,
comida chatarra,COP,5000,0%,0%,Bajo,0,,,,,,,,,,,,,,,,,,,
comida con a,COP,500,0%,0%,Bajo,0,,,,,,,,,,,,,,,,,,,
comida con c,COP,500,0%,0%,Bajo,0,,,,,,,,,,,,,,,,,,,
comida con d,COP,500,0%,0%,Bajo,0,,,,,,,,,,,,,,,,,,,
comida con g,COP,500,0%,0%,Bajo,0,,,,,,,,,,,,,,,,,,,
comida con h,COP,500,0%,0%,Bajo,0,,,,,,,,,,,,,,,,,,,
comida con j,COP,5000,0%,0%,Bajo,0,,,,,,,,,,,,,,,,,,,
comida con k,COP,500,0%,0%,Bajo,0,,,,,,,,,,,,,,,,,,,
comida con l,COP,500,0%,0%,Bajo,0,,,,,,,,,,,,,,,,,,,
comida con m,COP,500,0%,0%,Bajo,0,,,,,,,,,,,,,,,,,,,
comida con p,COP,500,0%,0%,Bajo,0,,,,,,,,,,,,,,,,,,,
comida con r,COP,500,0%,0%,Bajo,0,,,,,,,,,,,,,,,,,,,
comida con s,COP,500,0%,0%,Bajo,0,,,,,,,,,,,,,,,,,,,
comida con t,COP,500,0%,0%,Bajo,0,,,,,,,,,,,,,,,,,,,
comida con v,COP,5000,0%,0%,Bajo,0,,,,,,,,,,,,,,,,,,,
comida con y,COP,500,0%,0%,Bajo,0,,,,,,,,,,,,,,,,,,,
comida marroqui,COP,500,0%,0%,Bajo,0,,,,,,,,,,,,,,,,,,,
comida no saludable,COP,5000,-90%,0%,Bajo,0,,,,,,,,,,,,,,,,,,,
comida rosa,COP,5000,-90%,-90%,Bajo,0,,,,,,,,,,,,,,,,,,,
comida rusa,COP,500,0%,0%,Bajo,0,,,,,,,,,,,,,,,,,,,
comida tradicional,COP,500,0%,0%,Bajo,0,,,,,,,,,,,,,,,,,,,
comida verde,COP,500,-90%,0%,Bajo,0,,,,,,,,,,,,,,,,,,,
comidas con a,COP,500,0%,0%,Bajo,0,,,,,,,,,,,,,,,,,,,
comidas con g,COP,500,0%,0%,Bajo,0,,,,,,,,,,,,,,,,,,,
comidas con j,COP,5000,0%,0%,Bajo,0,,,,,,,,,,,,,,,,,,,
comidas con l,COP,500,0%,0%,Bajo,0,,,,,,,,,,,,,,,,,,,
comidas con m,COP,500,0%,0%,Bajo,0,,,,,,,,,,,,,,,,,,,
comidas con r,COP,500,0%,0%,Bajo,0,,,,,,,,,,,,,,,,,,,
comidas con v,COP,5000,0%,0%,Bajo,0,,,,,,,,,,,,,,,,,,,
comidas tipicas,COP,5000,0%,0%,Bajo,0,,,,,,,,,,,,,,,,,,,
césar millán,COP,500,0%,0%,Bajo,0,,,,,,,,,,,,,,,,,,,
dachshund pelo largo,COP,500,0%,0%,Bajo,4,195.93,673.58,,,,,,,,,,,,,,,,,
dalmata cachorro,COP,500,0%,0%,Bajo,6,229.27,497.41,,,,,,,,,,,,,,,,,
de perritos,COP,500,0%,0%,Bajo,1,,,,,,,,,,,,,,,,,,,
dientes de perro,COP,500,0%,0%,Bajo,1,,,,,,,,,,,,,,,,,,,
doberman americano,COP,500,0%,0%,Bajo,0,,,,,,,,,,,,,,,,,,,
doberman azul,COP,500,0%,0%,Bajo,0,,,,,,,,,,,,,,,,,,,
doberman blanco,COP,5000,0%,0%,Bajo,0,,,,,,,,,,,,,,,,,,,
doberman miniatura,COP,500,0%,0%,Bajo,0,,,,,,,,,,,,,,,,,,,
doberman pequeño,COP,500,0%,0%,Bajo,0,,,,,,,,,,,,,,,,,,,
doberman perro,COP,500,0%,0%,Bajo,0,,,,,,,,,,,,,,,,,,,
doberman raza,COP,500,0%,0%,Bajo,0,,,,,,,,,,,,,,,,,,,
el almuerzo,COP,500,0%,0%,Bajo,0,,,,,,,,,,,,,,,,,,,
el encantador de perros,COP,500,0%,0%,Bajo,2,,,,,,,,,,,,,,,,,,,
el perro de la mascara,COP,500,0%,0%,Bajo,0,,,,,,,,,,,,,,,,,,,
el perro de messi,COP,500,0%,0%,Bajo,0,,,,,,,,,,,,,,,,,,,
encantador de perros,COP,500,0%,0%,Bajo,4,,,,,,,,,,,,,,,,,,,
fila brasilero,COP,5000,0%,-90%,Bajo,0,,,,,,,,,,,,,,,,,,,
fila brasileño,COP,5000,0%,-90%,Bajo,0,,,,,,,,,,,,,,,,,,,
fila perro,COP,5000,0%,0%,Bajo,0,,,,,,,,,,,,,,,,,,,
french mini toy,COP,500,0%,0%,Bajo,3,214.13,339.10,,,,,,,,,,,,,,,,,
french perro,COP,500,0%,0%,Bajo,0,,,,,,,,,,,,,,,,,,,
frespuder,COP,50000,0%,0%,Bajo,0,230.04,518.85,,,,,,,,,,,,,,,,,
gato cachorro,COP,500,0%,0%,Bajo,2,104.30,350.20,,,,,,,,,,,,,,,,,
gato y perro,COP,5000,0%,0%,Bajo,0,,,,,,,,,,,,,,,,,,,
golden retriever blanco,COP,500,0%,0%,Bajo,1,167.19,328.65,,,,,,,,,,,,,,,,,
gran boyero suizo,COP,500,0%,0%,Bajo,0,,,,,,,,,,,,,,,,,,,
gran danes arlequin,COP,500,0%,0%,Bajo,1,228.33,1333.59,,,,,,,,,,,,,,,,,
gran danes cachorro,COP,500,0%,0%,Bajo,4,197.94,514.71,,,,,,,,,,,,,,,,,
hush puppies perro,COP,500,0%,0%,Bajo,1,,,,,,,,,,,,,,,,,,,
husky siberiano blanco,COP,5000,0%,0%,Bajo,0,212.51,554.66,,,,,,,,,,,,,,,,,
husky siberiano cachorro,COP,500,0%,0%,Bajo,2,195.58,491.30,,,,,,,,,,,,,,,,,
jack russell pelo largo,COP,500,0%,900%,Bajo,3,,,,,,,,,,,,,,,,,,,
la dama y el vagabundo razas,COP,500,0%,0%,Bajo,0,,,,,,,,,,,,,,,,,,,
labrador americano,COP,500,0%,0%,Bajo,0,,,,,,,,,,,,,,,,,,,
labrador ingles,COP,500,0%,0%,Bajo,0,,,,,,,,,,,,,,,,,,,
lassie perro,COP,5000,0%,0%,Bajo,0,,,,,,,,,,,,,,,,,,,
lassie raza,COP,500,0%,0%,Bajo,0,,,,,,,,,,,,,,,,,,,
lobo checoslovaco,COP,500,0%,0%,Bajo,0,,,,,,,,,,,,,,,,,,,
lobo siberiano blanco,COP,5000,0%,0%,Bajo,0,276.87,541.50,,,,,,,,,,,,,,,,,
los perros mudan de dientes,COP,500,0%,0%,Bajo,0,,,,,,,,,,,,,,,,,,,
los perros mudan dientes,COP,500,0%,0%,Bajo,0,,,,,,,,,,,,,,,,,,,
malinois perro,COP,500,0%,0%,Bajo,1,255.45,668.74,,,,,,,,,,,,,,,,,
mi cachorro no quiere comer y solo duerme,COP,500,0%,0%,Bajo,1,,,,,,,,,,,,,,,,,,,
mi perro,COP,500,-90%,0%,Bajo,0,775.57,2255.00,,,,,,,,,,,,,,,,,
mi perro orina sangre,COP,500,0%,0%,Bajo,0,,,,,,,,,,,,,,,,,,,
mi perro tiembla,COP,500,0%,0%,Bajo,0,,,,,,,,,,,,,,,,,,,
mi perro tiembla y está decaído,COP,500,0%,0%,Bajo,0,,,,,,,,,,,,,,,,,,,
mi perro tiembla y no come,COP,500,0%,-90%,Bajo,0,,,,,,,,,,,,,,,,,,,
mi perro tiene garrapatas y duerme conmigo,COP,50,900%,900%,Bajo,1,,,,,,,,,,,,,,,,,,,
mi perro vomita amarillo y no come,COP,50,0%,-90%,Bajo,0,,,,,,,,,,,,,,,,,,,
mofongo dominicano,COP,500,0%,0%,Bajo,0,,,,,,,,,,,,,,,,,,,
mundo perro,COP,500,-90%,-90%,Bajo,0,,,,,,,,,,,,,,,,,,,
naruto comida,COP,500,0%,0%,Bajo,0,,,,,,,,,,,,,,,,,,,
orejas de perro,COP,500,0%,0%,Bajo,6,,,,,,,,,,,,,,,,,,,
papillón,COP,5000,0%,900%,Bajo,0,,,,,,,,,,,,,,,,,,,
pastelito,COP,5000,0%,0%,Bajo,5,345.50,1434.81,,,,,,,,,,,,,,,,,
pastor afgano,COP,500,0%,0%,Bajo,0,,,,,,,,,,,,,,,,,,,
pastor aleman blanco,COP,5000,0%,0%,Bajo,0,36.95,537.03,,,,,,,,,,,,,,,,,
pastor aleman ddr,COP,500,0%,900%,Bajo,2,,,,,,,,,,,,,,,,,,,
pastor aleman malinois,COP,500,900%,0%,Bajo,0,,,,,,,,,,,,,,,,,,,
pastor aleman pelo largo,COP,5000,0%,0%,Bajo,1,182.24,297.61,,,,,,,,,,,,,,,,,
pastor alemán de pelo largo,COP,5000,0%,0%,Bajo,0,,,,,,,,,,,,,,,,,,,
pastor alemán hembra,COP,500,0%,0%,Bajo,1,,,,,,,,,,,,,,,,,,,
pastor australiano cachorro,COP,500,0%,0%,Bajo,3,190.93,367.62,,,,,,,,,,,,,,,,,
pastor belga blanco,COP,500,0%,0%,Bajo,0,,,,,,,,,,,,,,,,,,,
pastor belga malinois cachorro,COP,500,0%,0%,Bajo,2,213.48,602.43,,,,,,,,,,,,,,,,,
pastor blanco,COP,500,0%,0%,Bajo,0,,,,,,,,,,,,,,,,,,,
pastor catalán,COP,5000,0%,0%,Bajo,0,,,,,,,,,,,,,,,,,,,
pastor caucasico,COP,5000,0%,0%,Bajo,0,,,,,,,,,,,,,,,,,,,
pastor caucásico,COP,500,0%,0%,Bajo,0,,,,,,,,,,,,,,,,,,,
pastor checo,COP,500,0%,0%,Bajo,0,,,,,,,,,,,,,,,,,,,
pastor croata,COP,500,0%,0%,Bajo,0,,,,,,,,,,,,,,,,,,,
pastor de berna,COP,50,900%,900%,Bajo,1,,,,,,,,,,,,,,,,,,,
pastor de las islas shetland,COP,5000,0%,0%,Bajo,0,,,,,,,,,,,,,,,,,,,
pastor escoces,COP,500,0%,0%,Bajo,0,,,,,,,,,,,,,,,,,,,
pastor garafiano,COP,500,0%,0%,Bajo,0,,,,,,,,,,,,,,,,,,,
pastor holandés,COP,5000,0%,0%,Bajo,0,,,,,,,,,,,,,,,,,,,
pastor perro,COP,5000,0%,0%,Bajo,0,245.40,1381.20,,,,,,,,,,,,,,,,,
pastor tibetano,COP,500,0%,0%,Bajo,0,,,,,,,,,,,,,,,,,,,
patas de perro,COP,5000,0%,0%,Bajo,10,,,,,,,,,,,,,,,,,,,
pequeño perro ruso,COP,500,0%,900%,Bajo,0,,,,,,,,,,,,,,,,,,,
pequines maltes,COP,500,0%,0%,Bajo,0,,,,,,,,,,,,,,,,,,,
perra,COP,5000,0%,0%,Bajo,0,,,,,,,,,,,,,,,,,,,
perra en ingles,COP,5000,0%,0%,Bajo,0,,,,,,,,,,,,,,,,,,,
perra en inglés,COP,5000,0%,0%,Bajo,0,,,,,,,,,,,,,,,,,,,
perrhijos,COP,500,0%,0%,Bajo,0,,,,,,,,,,,,,,,,,,,
perritas,COP,500,0%,0%,Bajo,0,,,,,,,,,,,,,,,,,,,
perrito llorando,COP,500,0%,0%,Bajo,0,,,,,,,,,,,,,,,,,,,
perritos ladrando,COP,500,0%,0%,Bajo,0,,,,,,,,,,,,,,,,,,,
perritos lindos,COP,5000,0%,0%,Bajo,0,,,,,,,,,,,,,,,,,,,
perro 3d,COP,500,-90%,0%,Bajo,0,,,,,,,,,,,,,,,,,,,
perro akita americano,COP,500,0%,0%,Bajo,1,355.65,1623.45,,,,,,,,,,,,,,,,,
perro aleman,COP,500,0%,0%,Bajo,0,,,,,,,,,,,,,,,,,,,
perro argentino,COP,500,0%,0%,Bajo,0,,,,,,,,,,,,,,,,,,,
perro aullando,COP,500,0%,0%,Bajo,0,,,,,,,,,,,,,,,,,,,
perro basenji,COP,500,0%,0%,Bajo,0,,,,,,,,,,,,,,,,,,,
perro basset,COP,50,-90%,0%,Bajo,0,,,,,,,,,,,,,,,,,,,
perro basset hound,COP,500,0%,0%,Bajo,1,,,,,,,,,,,,,,,,,,,
perro belga malinois,COP,500,0%,0%,Bajo,1,208.17,426.57,,,,,,,,,,,,,,,,,
perro blanco,COP,5000,0%,0%,Bajo,0,,,,,,,,,,,,,,,,,,,
perro blanco pequeño,COP,500,0%,0%,Bajo,0,,,,,,,,,,,,,,,,,,,
perro blue,COP,500,0%,0%,Bajo,15,,,,,,,,,,,,,,,,,,,
perro boyero,COP,500,0%,0%,Bajo,1,,,,,,,,,,,,,,,,,,,
perro boyero de berna,COP,500,0%,0%,Bajo,0,,,,,,,,,,,,,,,,,,,
perro brasileño,COP,500,0%,0%,Bajo,0,,,,,,,,,,,,,,,,,,,
perro bravo,COP,5000,0%,0%,Bajo,0,,,,,,,,,,,,,,,,,,,
perro cazador,COP,5000,0%,0%,Bajo,0,,,,,,,,,,,,,,,,,,,
perro checoslovaco,COP,500,0%,0%,Bajo,0,,,,,,,,,,,,,,,,,,,
perro chino,COP,5000,0%,0%,Bajo,0,,,,,,,,,,,,,,,,,,,
perro coco,COP,500,0%,0%,Bajo,0,,,,,,,,,,,,,,,,,,,
perro con cara de humano,COP,500,900%,0%,Bajo,0,,,,,,,,,,,,,,,,,,,
perro con lengua azul,COP,500,0%,0%,Bajo,0,,,,,,,,,,,,,,,,,,,
perro con orejas largas,COP,500,0%,0%,Bajo,0,,,,,,,,,,,,,,,,,,,
perro dachshund,COP,500,0%,0%,Bajo,5,191.21,472.99,,,,,,,,,,,,,,,,,
perro danes,COP,500,0%,0%,Bajo,0,,,,,,,,,,,,,,,,,,,
perro de agua portugues,COP,500,0%,0%,Bajo,0,,,,,,,,,,,,,,,,,,,
perro de caza,COP,5000,0%,0%,Bajo,0,,,,,,,,,,,,,,,,,,,
perro de coco,COP,5000,0%,0%,Bajo,0,,,,,,,,,,,,,,,,,,,
perro de la mascara,COP,5000,0%,0%,Bajo,0,,,,,,,,,,,,,,,,,,,
perro de la mascara raza,COP,500,0%,0%,Bajo,0,,,,,,,,,,,,,,,,,,,
perro de la reina isabel,COP,5000,0%,0%,Bajo,0,,,,,,,,,,,,,,,,,,,
perro de la sirenita,COP,500,0%,0%,Bajo,0,,,,,,,,,,,,,,,,,,,
perro de messi raza,COP,500,0%,0%,Bajo,0,,,,,,,,,,,,,,,,,,,
perro de montaña de formosa,COP,500,0%,0%,Bajo,0,,,,,,,,,,,,,,,,,,,
perro de orejas largas,COP,5000,0%,900%,Bajo,0,,,,,,,,,,,,,,,,,,,
perro de osos de carelia,COP,500,0%,0%,Bajo,0,,,,,,,,,,,,,,,,,,,
perro de pelea cordobés,COP,500,900%,0%,Bajo,0,,,,,,,,,,,,,,,,,,,
perro de presa,COP,500,0%,-90%,Bajo,0,,,,,,,,,,,,,,,,,,,
perro del grinch,COP,500,900%,0%,Bajo,0,,,,,,,,,,,,,,,,,,,
perro egipcio,COP,500,0%,0%,Bajo,0,,,,,,,,,,,,,,,,,,,
perro en ingles,COP,5000,0%,0%,Bajo,0,,,,,,,,,,,,,,,,,,,
perro escoces,COP,500,0%,0%,Bajo,0,,,,,,,,,,,,,,,,,,,
perro famoso,COP,500,0%,0%,Bajo,0,,,,,,,,,,,,,,,,,,,
perro feo,COP,5000,0%,0%,Bajo,0,,,,,,,,,,,,,,,,,,,
perro fila,COP,5000,0%,0%,Bajo,0,,,,,,,,,,,,,,,,,,,
perro fila brasilero,COP,5000,0%,0%,Bajo,0,,,,,,,,,,,,,,,,,,,
perro frespuder,COP,5000,0%,0%,Bajo,0,226.87,398.41,,,,,,,,,,,,,,,,,
perro gordo,COP,500,0%,0%,Bajo,0,,,,,,,,,,,,,,,,,,,
perro gracioso,COP,5000,-90%,-90%,Bajo,0,,,,,,,,,,,,,,,,,,,
perro gran danés,COP,5000,0%,0%,Bajo,0,206.84,511.56,,,,,,,,,,,,,,,,,
perro grandes,COP,50000,0%,0%,Bajo,0,245.50,1334.45,,,,,,,,,,,,,,,,,
perro humano,COP,500,0%,0%,Bajo,0,,,,,,,,,,,,,,,,,,,
perro husky siberiano,COP,500,0%,0%,Bajo,0,,,,,,,,,,,,,,,,,,,
perro ingles,COP,500,0%,0%,Bajo,0,,,,,,,,,,,,,,,,,,,
perro ladrando fuerte,COP,500,0%,0%,Bajo,0,,,,,,,,,,,,,,,,,,,
perro lassie,COP,5000,0%,0%,Bajo,0,,,,,,,,,,,,,,,,,,,
perro lobo,COP,50000,-90%,-90%,Bajo,0,220.13,1344.04,,,,,,,,,,,,,,,,,
perro mexicano,COP,5000,0%,0%,Bajo,0,,,,,,,,,,,,,,,,,,,
perro pantera,COP,500,0%,0%,Bajo,0,,,,,,,,,,,,,,,,,,,
perro pastor,COP,5000,0%,0%,Bajo,0,245.40,1381.20,,,,,,,,,,,,,,,,,
perro pastor belga malinois,COP,500,0%,0%,Bajo,1,162.02,613.96,,,,,,,,,,,,,,,,,
perro pastor ingles,COP,500,0%,0%,Bajo,0,,,,,,,,,,,,,,,,,,,
perro peruano,COP,5000,0%,0%,Bajo,0,,,,,,,,,,,,,,,,,,,
perro pitbull blue,COP,500,-90%,-90%,Bajo,1,,,,,,,,,,,,,,,,,,,
perro policía,COP,500,0%,0%,Bajo,0,,,,,,,,,,,,,,,,,,,
perro raza beagle,COP,500,0%,0%,Bajo,0,,,,,,,,,,,,,,,,,,,
perro raza cocker,COP,5000,0%,900%,Bajo,0,,,,,,,,,,,,,,,,,,,
perro raza golden,COP,500,0%,0%,Bajo,0,,,,,,,,,,,,,,,,,,,
perro raza pug,COP,500,0%,0%,Bajo,0,,,,,,,,,,,,,,,,,,,
perro realengo,COP,500,0%,0%,Bajo,0,,,,,,,,,,,,,,,,,,,
perro reina isabel,COP,500,0%,0%,Bajo,0,,,,,,,,,,,,,,,,,,,
perro ruso,COP,500,0%,0%,Bajo,0,,,,,,,,,,,,,,,,,,,
perro sabueso,COP,5000,0%,0%,Bajo,0,,,,,,,,,,,,,,,,,,,
perro terranova,COP,5000,0%,0%,Bajo,0,,,,,,,,,,,,,,,,,,,
perro terranova precio,COP,500,0%,0%,Bajo,4,226.70,493.14,,,,,,,,,,,,,,,,,
perro tibetano,COP,5000,0%,0%,Bajo,0,,,,,,,,,,,,,,,,,,,
perro turco,COP,500,0%,0%,Bajo,0,,,,,,,,,,,,,,,,,,,
perro vomita espuma blanca,COP,500,0%,0%,Bajo,2,,,,,,,,,,,,,,,,,,,
perro westy,COP,500,0%,0%,Bajo,4,198.97,305.11,,,,,,,,,,,,,,,,,
perros agresivos,COP,500,0%,0%,Bajo,0,245.48,491.53,,,,,,,,,,,,,,,,,
perros arrugados,COP,5000,0%,900%,Bajo,0,,,,,,,,,,,,,,,,,,,
perros blancos peludos,COP,500,0%,0%,Bajo,0,,,,,,,,,,,,,,,,,,,
perros caros,COP,500,0%,0%,Bajo,1,204.88,1360.11,,,,,,,,,,,,,,,,,
perros cazadores,COP,5000,0%,0%,Bajo,0,,,,,,,,,,,,,,,,,,,
perros chatos,COP,500,0%,0%,Bajo,0,,,,,,,,,,,,,,,,,,,
perros con pelo largo,COP,500,0%,0%,Bajo,0,,,,,,,,,,,,,,,,,,,
perros de caza razas,COP,500,0%,0%,Bajo,0,,,,,,,,,,,,,,,,,,,
perros de la reina isabel raza,COP,500,0%,0%,Bajo,0,,,,,,,,,,,,,,,,,,,
perros de nieve,COP,500,0%,0%,Bajo,0,,,,,,,,,,,,,,,,,,,
perros de pelea,COP,500,0%,0%,Bajo,0,,,,,,,,,,,,,,,,,,,
perros de pelo largo,COP,500,0%,0%,Bajo,0,,,,,,,,,,,,,,,,,,,
perros de raza china,COP,500,0%,-90%,Bajo,0,,,,,,,,,,,,,,,,,,,
perros fila,COP,5000,0%,0%,Bajo,0,,,,,,,,,,,,,,,,,,,
perros gigantes,COP,5000,0%,0%,Bajo,0,,,,,,,,,,,,,,,,,,,
perros grandes peludos,COP,5000,0%,0%,Bajo,0,,,,,,,,,,,,,,,,,,,
perros hermosos,COP,500,0%,0%,Bajo,0,,,,,,,,,,,,,,,,,,,
perros hipoalergenicos,COP,500,0%,0%,Bajo,21,,,,,,,,,,,,,,,,,,,
perros husky bebes,COP,500,0%,0%,Bajo,0,,,,,,,,,,,,,,,,,,,
perros malinois,COP,500,0%,0%,Bajo,1,255.45,668.74,,,,,,,,,,,,,,,,,
perros pegados,COP,500,0%,0%,Bajo,0,,,,,,,,,,,,,,,,,,,
perros peligrosos,COP,5000,0%,0%,Bajo,0,,,,,,,,,,,,,,,,,,,
perros peligrosos razas,COP,500,0%,0%,Bajo,0,,,,,,,,,,,,,,,,,,,
perros pequines,COP,5000,0%,0%,Bajo,0,242.36,368.43,,,,,,,,,,,,,,,,,
perros pitbull bebes,COP,5000,0%,0%,Bajo,0,220.37,292.50,,,,,,,,,,,,,,,,,
perros pug bebes,COP,500,0%,0%,Bajo,1,,,,,,,,,,,,,,,,,,,
perros raros,COP,500,0%,0%,Bajo,0,,,,,,,,,,,,,,,,,,,
pincher chihuahua,COP,500,0%,0%,Bajo,0,,,,,,,,,,,,,,,,,,,
pitbull american terrier,COP,500,0%,0%,Bajo,0,,,,,,,,,,,,,,,,,,,
pitbull argentino,COP,500,0%,0%,Bajo,0,,,,,,,,,,,,,,,,,,,
pitbull azul,COP,500,-90%,-90%,Bajo,0,,,,,,,,,,,,,,,,,,,
pitbull blanco,COP,5000,0%,0%,Bajo,0,,,,,,,,,,,,,,,,,,,
pitbull cachorro,COP,5000,0%,0%,Bajo,0,161.65,483.21,,,,,,,,,,,,,,,,,
pitbull grande,COP,500,0%,0%,Bajo,0,,,,,,,,,,,,,,,,,,,
pitbull hembra,COP,500,0%,0%,Bajo,0,,,,,,,,,,,,,,,,,,,
pitbull ingles,COP,500,0%,0%,Bajo,0,,,,,,,,,,,,,,,,,,,
pitbull mexicano,COP,500,0%,0%,Bajo,0,,,,,,,,,,,,,,,,,,,
pitbull pequeño,COP,5000,0%,0%,Bajo,0,,,,,,,,,,,,,,,,,,,
pitbull razas,COP,500,0%,0%,Bajo,0,,,,,,,,,,,,,,,,,,,
pitbull terrier americano,COP,5000,0%,0%,Bajo,0,,,,,,,,,,,,,,,,,,,
pitbull terrier ingles,COP,5000,900%,900%,Bajo,0,,,,,,,,,,,,,,,,,,,
pitbull tricolor,COP,500,0%,0%,Bajo,1,,,,,,,,,,,,,,,,,,,
pizza turca,COP,50,0%,0%,Bajo,0,,,,,,,,,,,,,,,,,,,
pomerania raza,COP,5000,0%,0%,Bajo,1,229.58,353.77,,,,,,,,,,,,,,,,,
pomeranias,COP,50000,0%,0%,Bajo,1,207.28,384.49,,,,,,,,,,,,,,,,,
pomeranio,COP,50000,0%,0%,Bajo,1,207.28,384.49,,,,,,,,,,,,,,,,,
pug blanco,COP,500,0%,0%,Bajo,0,,,,,,,,,,,,,,,,,,,
raza akita,COP,500,0%,0%,Bajo,1,916.68,1911.12,,,,,,,,,,,,,,,,,
raza american bully,COP,500,0%,0%,Bajo,0,,,,,,,,,,,,,,,,,,,
raza border collie,COP,500,0%,0%,Bajo,2,236.48,1420.59,,,,,,,,,,,,,,,,,
raza boxer,COP,500,0%,0%,Bajo,0,,,,,,,,,,,,,,,,,,,
raza bully,COP,500,0%,0%,Bajo,0,,,,,,,,,,,,,,,,,,,
raza caniche,COP,500,0%,0%,Bajo,0,,,,,,,,,,,,,,,,,,,
raza chau chau,COP,500,0%,0%,Bajo,0,,,,,,,,,,,,,,,,,,,
raza chihuahua,COP,500,0%,0%,Bajo,1,229.46,891.91,,,,,,,,,,,,,,,,,
raza chow chow,COP,500,0%,0%,Bajo,0,,,,,,,,,,,,,,,,,,,
raza cocker,COP,5000,0%,0%,Bajo,0,,,,,,,,,,,,,,,,,,,
raza de perro akita,COP,500,0%,0%,Bajo,1,476.40,1742.41,,,,,,,,,,,,,,,,,
raza de perro beagle,COP,5000,0%,0%,Bajo,0,,,,,,,,,,,,,,,,,,,
raza de perro boxer,COP,500,0%,0%,Bajo,0,,,,,,,,,,,,,,,,,,,
raza de perro cocker,COP,5000,0%,0%,Bajo,0,136.44,1202.14,,,,,,,,,,,,,,,,,
raza de perro collie,COP,500,0%,0%,Bajo,0,,,,,,,,,,,,,,,,,,,
raza de perro con lengua azul,COP,50,0%,-90%,Bajo,0,,,,,,,,,,,,,,,,,,,
raza de perro golden,COP,500,0%,0%,Bajo,1,248.09,1333.89,,,,,,,,,,,,,,,,,
raza de perro grande,COP,50000,0%,0%,Bajo,0,257.51,1387.07,,,,,,,,,,,,,,,,,
raza de perro husky,COP,500,0%,0%,Bajo,0,,,,,,,,,,,,,,,,,,,
raza de perro labrador,COP,500,0%,0%,Bajo,0,,,,,,,,,,,,,,,,,,,
raza de perro pitbull,COP,5000,0%,0%,Bajo,0,,,,,,,,,,,,,,,,,,,
raza de perro poodle,COP,500,0%,0%,Bajo,0,,,,,,,,,,,,,,,,,,,
raza de perro pug,COP,5000,0%,0%,Bajo,0,,,,,,,,,,,,,,,,,,,
raza de perro rottweiler,COP,5000,0%,900%,Bajo,0,174.43,1382.11,,,,,,,,,,,,,,,,,
raza de perro schnauzer,COP,5000,900%,900%,Bajo,0,,,,,,,,,,,,,,,,,,,
raza de perro shar pei,COP,500,0%,0%,Bajo,0,,,,,,,,,,,,,,,,,,,
raza de perro yorkshire,COP,5000,0%,0%,Bajo,1,286.57,568.31,,,,,,,,,,,,,,,,,
raza de perros peligrosos,COP,5000,0%,0%,Bajo,0,20.07,51.84,,,,,,,,,,,,,,,,,
raza de perros peludos,COP,5000,0%,0%,Bajo,0,,,,,,,,,,,,,,,,,,,
raza de perros pequeños peludos,COP,500,0%,0%,Bajo,0,,,,,,,,,,,,,,,,,,,
raza de perros pequeños y peludos,COP,5000,0%,0%,Bajo,0,148.80,253.67,,,,,,,,,,,,,,,,,
raza de perros tranquilos y pequeños,COP,500,0%,0%,Bajo,3,147.01,465.06,,,,,,,,,,,,,,,,,
raza de pitbull,COP,5000,0%,0%,Bajo,0,,,,,,,,,,,,,,,,,,,
raza del perro de messi,COP,500,0%,0%,Bajo,0,,,,,,,,,,,,,,,,,,,
raza french,COP,50,0%,0%,Bajo,0,,,,,,,,,,,,,,,,,,,
raza french poodle,COP,500,0%,0%,Bajo,0,,,,,,,,,,,,,,,,,,,
raza golden,COP,500,0%,0%,Bajo,0,298.45,993.90,,,,,,,,,,,,,,,,,
raza golden retriever,COP,500,0%,0%,Bajo,1,208.47,708.71,,,,,,,,,,,,,,,,,
raza husky,COP,500,0%,0%,Bajo,0,,,,,,,,,,,,,,,,,,,
raza jack russell,COP,500,0%,0%,Bajo,1,155.52,358.24,,,,,,,,,,,,,,,,,
raza labrador,COP,500,0%,0%,Bajo,0,,,,,,,,,,,,,,,,,,,
raza pequines,COP,500,0%,0%,Bajo,0,,,,,,,,,,,,,,,,,,,
raza pincher,COP,500,0%,0%,Bajo,0,,,,,,,,,,,,,,,,,,,
raza poodle,COP,500,0%,0%,Bajo,0,,,,,,,,,,,,,,,,,,,
raza rottweiler,COP,5000,900%,900%,Bajo,0,133.56,1207.83,,,,,,,,,,,,,,,,,
raza samoyedo,COP,500,0%,0%,Bajo,1,876.03,1372.89,,,,,,,,,,,,,,,,,
raza san bernardo,COP,500,0%,0%,Bajo,0,,,,,,,,,,,,,,,,,,,
raza schnauzer,COP,5000,0%,900%,Bajo,0,,,,,,,,,,,,,,,,,,,
raza shar pei,COP,500,0%,0%,Bajo,0,,,,,,,,,,,,,,,,,,,
raza terranova,COP,500,0%,0%,Bajo,0,,,,,,,,,,,,,,,,,,,
raza terrier,COP,500,0%,0%,Bajo,0,,,,,,,,,,,,,,,,,,,
razas de perros grandes y fuertes,COP,500,0%,0%,Bajo,0,,,,,,,,,,,,,,,,,,,
razas de perros grandes y peludos,COP,5000,0%,0%,Bajo,0,,,,,,,,,,,,,,,,,,,
razas de perros pitbull,COP,5000,0%,0%,Bajo,0,,,,,,,,,,,,,,,,,,,
razas de perros toy,COP,50,0%,0%,Bajo,0,,,,,,,,,,,,,,,,,,,
razas de perros tranquilos,COP,500,0%,0%,Bajo,1,,,,,,,,,,,,,,,,,,,
rottweiler americano,COP,5000,0%,0%,Bajo,0,221.28,339.59,,,,,,,,,,,,,,,,,
rottweiler blanco,COP,500,0%,-90%,Bajo,0,,,,,,,,,,,,,,,,,,,
rottweiler hembra,COP,500,0%,0%,Bajo,1,228.22,745.02,,,,,,,,,,,,,,,,,
sabueso,COP,5000,0%,0%,Bajo,0,,,,,,,,,,,,,,,,,,,
salsa verde para tacos,COP,50,0%,0%,Bajo,20,,,,,,,,,,,,,,,,,,,
samoyedo raza,COP,500,0%,0%,Bajo,0,,,,,,,,,,,,,,,,,,,
san bernardo cachorro,COP,5000,0%,-90%,Bajo,2,218.82,442.57,,,,,,,,,,,,,,,,,
sandwich de huevo,COP,500,0%,900%,Bajo,0,,,,,,,,,,,,,,,,,,,
seco de carne,COP,50,0%,0%,Bajo,0,,,,,,,,,,,,,,,,,,,
sedolax,COP,5000,0%,0%,Bajo,5,278.87,3344.56,,,,,,,,,,,,,,,,,
shar pei americano,COP,500,0%,0%,Bajo,0,,,,,,,,,,,,,,,,,,,
shar pei chino,COP,500,0%,0%,Bajo,0,,,,,,,,,,,,,,,,,,,
sharpei perro,COP,5000,-90%,-90%,Bajo,2,,,,,,,,,,,,,,,,,,,
siberiano blanco,COP,500,0%,0%,Bajo,0,,,,,,,,,,,,,,,,,,,
sopas peruanas,COP,50,0%,0%,Bajo,0,,,,,,,,,,,,,,,,,,,
tacos el chino,COP,50,0%,0%,Bajo,5,,,,,,,,,,,,,,,,,,,
tapas comida,COP,500,0%,0%,Bajo,8,,,,,,,,,,,,,,,,,,,
terranova perro,COP,5000,0%,0%,Bajo,0,,,,,,,,,,,,,,,,,,,
terrier alemán,COP,500,0%,0%,Bajo,0,,,,,,,,,,,,,,,,,,,
terrier americano,COP,500,0%,0%,Bajo,0,,,,,,,,,,,,,,,,,,,
terrier brasileño,COP,500,0%,0%,Bajo,0,,,,,,,,,,,,,,,,,,,
terrier chileno,COP,500,0%,0%,Bajo,0,,,,,,,,,,,,,,,,,,,
terrier ingles,COP,500,0%,0%,Bajo,0,,,,,,,,,,,,,,,,,,,
terrier jack russell,COP,50,0%,0%,Bajo,2,161.25,260.55,,,,,,,,,,,,,,,,,
terrier tibetano,COP,500,0%,0%,Bajo,0,,,,,,,,,,,,,,,,,,,
togo perro,COP,500,0%,0%,Bajo,0,,,,,,,,,,,,,,,,,,,
travesura de perro,COP,500,0%,-90%,Bajo,0,,,,,,,,,,,,,,,,,,,
una perra,COP,500,0%,0%,Bajo,0,,,,,,,,,,,,,,,,,,,
westy perro,COP,500,0%,0%,Bajo,4,203.70,1163.36,,,,,,,,,,,,,,,,,
yorkshire blanco,COP,500,0%,0%,Bajo,0,,,,,,,,,,,,,,,,,,,